Filename,Model,Recycle,Average_pLDDT,Area_Up,Area_Down
model_2_ptm_r3_seed1.pdb,3,3,77.63457020057314,3068.0641875,3537.9403759999996
model_3_ptm_r4_seed7.pdb,4,4,77.19284383954145,2823.2421995,3353.3596055
model_4_ptm_r1_seed6.pdb,1,1,73.43086676217762,877.0371269999998,1222.931629
model_5_ptm_r6_seed0.pdb,6,6,78.28969197707742,1183.0641214999998,1395.4985980000001
model_5_ptm_r11_seed2.pdb,11,11,79.99627507163328,3161.2604155,3896.086592
model_4_ptm_r11_seed4.pdb,11,11,78.49597421203441,1505.337945,1972.7869300000002
model_1_ptm_r0_seed3.pdb,0,0,50.96315902578794,352.33200400000004,230.30569149999997
model_3_ptm_r9_seed4.pdb,9,9,80.20813753581653,1584.4508789999998,1941.0781625
model_5_ptm_r5_seed8.pdb,5,5,76.76479226361025,3218.2149225,4028.246926
model_2_ptm_r0_seed9.pdb,0,0,52.64269340974213,2597.5640845,1258.7393474999997
model_1_ptm_r11_seed7.pdb,11,11,78.16682664756445,2158.356148,2735.424831
model_2_ptm_r8_seed5.pdb,8,8,76.4209383954154,3046.0936085000003,3741.0837740000006
model_1_ptm_r6_seed4.pdb,6,6,77.15705587392551,2502.24039,3132.03672
model_5_ptm_r0_seed7.pdb,0,0,61.50198424068759,1808.558659,1659.4927200000002
model_4_ptm_r7_seed1.pdb,7,7,73.49292979942693,2176.27921,2762.189248
model_3_ptm_r2_seed0.pdb,2,2,77.21032951289415,850.5216920000003,1006.0425524999999
model_2_ptm_r5_seed6.pdb,5,5,79.00210601719188,2391.791364,2743.914543
model_2_ptm_r10_seed1.pdb,10,10,80.3568051575931,1980.3688080000002,2475.6874865
model_3_ptm_r10_seed7.pdb,10,10,79.23094555873932,1958.5296035,2493.928
model_3_ptm_r1_seed8.pdb,1,1,67.66739255014322,1684.2236850000002,1607.550923
model_4_ptm_r4_seed9.pdb,4,4,76.62946275071643,239.53455749999986,451.036091
model_4_ptm_r4_seed8.pdb,4,4,76.2240042979943,2556.8721855,3116.246195
model_3_ptm_r1_seed9.pdb,1,1,70.07648280802297,1472.1525444999997,1658.4617475
model_2_ptm_r10_seed0.pdb,10,10,79.68694842406877,3115.640625,3977.2191345
model_3_ptm_r10_seed6.pdb,10,10,79.56323782234944,1357.9225310000002,1585.4632515
model_3_ptm_r2_seed1.pdb,2,2,73.73794412607441,1504.1722559999998,1644.05332
model_2_ptm_r5_seed7.pdb,5,5,79.64234957020048,2250.020982,2748.355393
model_5_ptm_r0_seed6.pdb,0,0,62.984126074498576,101.4682755,667.268414
model_4_ptm_r7_seed0.pdb,7,7,79.5113395415473,806.1725219999998,1170.9626565
model_1_ptm_r6_seed5.pdb,6,6,75.95840257879645,2365.365944,2941.1765040000005
model_2_ptm_r8_seed4.pdb,8,8,79.17621776504303,2072.8482685,2721.376836
model_1_ptm_r11_seed6.pdb,11,11,77.77698424068763,2638.224625,3344.1161629999997
model_2_ptm_r0_seed8.pdb,0,0,52.19991404011461,480.5824590000002,116.51575550000007
model_5_ptm_r5_seed9.pdb,5,5,79.52785100286532,1342.675189,1591.6967674999999
model_3_ptm_r9_seed5.pdb,9,9,78.77808022922645,1959.482958,2409.7478265
model_1_ptm_r0_seed2.pdb,0,0,53.153058739254995,90.7869589999999,519.2680819999998
model_5_ptm_r11_seed3.pdb,11,11,78.85207736389683,1098.4488339999998,1436.150547
model_4_ptm_r11_seed5.pdb,11,11,77.85730659025788,2229.5410455,2850.5134854999997
model_4_ptm_r1_seed7.pdb,1,1,64.74906876790837,159.00857100000002,455.3889540000001
model_5_ptm_r6_seed1.pdb,6,6,79.43053008595989,1844.5166669999999,2196.195372
model_2_ptm_r3_seed0.pdb,3,3,71.03235673352424,2604.4524535,3374.3334255
model_3_ptm_r4_seed6.pdb,4,4,79.1445128939829,1812.133031,2024.5362510000004
model_3_ptm_r4_seed4.pdb,4,4,78.08054441260765,1949.161731,2418.1974495
model_2_ptm_r3_seed2.pdb,3,3,78.20504297994258,2610.1542915,3237.2563815000003
model_5_ptm_r6_seed3.pdb,6,6,78.48863896848141,1654.2961430000003,2002.0702605000001
model_4_ptm_r1_seed5.pdb,1,1,73.80088108882529,2111.3444584999997,2353.4746829999995
model_1_ptm_r0_seed0.pdb,0,0,51.665644699140366,156.39423250000002,122.04388250000002
model_4_ptm_r11_seed7.pdb,11,11,78.68100286532967,1181.8834015,1485.9135665
model_5_ptm_r11_seed1.pdb,11,11,79.47950573065916,1412.2620465,1823.463956
model_3_ptm_r9_seed7.pdb,9,9,79.27931948424059,2070.7726725,2461.570965
model_1_ptm_r3_seed8.pdb,3,3,75.81871060171927,2177.97079,2367.4233990000002
model_5_ptm_r8_seed8.pdb,8,8,79.2291189111747,636.3242469999999,728.3811395
model_1_ptm_r11_seed4.pdb,11,11,79.06355300859612,2063.349961,2596.544754
model_5_ptm_r12_seed9.pdb,12,12,79.34113896848135,586.2990699999999,762.8946240000001
model_2_ptm_r8_seed6.pdb,8,8,79.44962750716317,2574.7213009999996,3100.752084
model_1_ptm_r6_seed7.pdb,6,6,76.74103868194844,2413.015685,3109.7627085
model_4_ptm_r7_seed2.pdb,7,7,78.89015042979949,2409.3570645,2732.689875
model_5_ptm_r0_seed4.pdb,0,0,62.6149140401145,494.68509700000004,76.33751100000018
model_2_ptm_r5_seed5.pdb,5,5,78.0813538681948,3136.542998,3811.276127
model_3_ptm_r2_seed3.pdb,2,2,76.88126074498562,1902.443172,2266.6314859999998
model_4_ptm_r9_seed9.pdb,9,9,76.69602435530085,1142.2854125000001,1471.2157875
model_3_ptm_r10_seed4.pdb,10,10,79.74421919770776,2041.1672019999999,2442.9950005
model_2_ptm_r10_seed2.pdb,10,10,79.5312177650429,1957.4697145,2577.242494
model_3_ptm_r10_seed5.pdb,10,10,79.26958452722064,1639.277317,2014.126463
model_2_ptm_r10_seed3.pdb,10,10,79.08389684813764,2596.4363715,3108.3243635
model_4_ptm_r9_seed8.pdb,9,9,79.16118911174779,2255.140931,2846.30875
model_2_ptm_r5_seed4.pdb,5,5,79.32864613180517,1882.4908830000002,2518.5438130000002
model_3_ptm_r2_seed2.pdb,2,2,71.49194842406884,1704.8098639999998,1931.660144
model_4_ptm_r7_seed3.pdb,7,7,77.92788681948423,661.470264,977.3408215
model_5_ptm_r0_seed5.pdb,0,0,58.086217765043024,376.12869899999987,355.64891400000005
model_1_ptm_r6_seed6.pdb,6,6,76.57429799426932,1766.53256,2248.375837
model_2_ptm_r8_seed7.pdb,8,8,73.47987106017192,2239.7441675,2702.2202015000003
model_5_ptm_r8_seed9.pdb,8,8,78.80767908309448,2104.9939965000003,2655.7574025000004
model_1_ptm_r11_seed5.pdb,11,11,75.4455014326649,2043.901057,2554.4329705
model_5_ptm_r12_seed8.pdb,12,12,78.25224212034391,1486.8128345,1935.5034825
model_1_ptm_r3_seed9.pdb,3,3,75.5265830945559,1754.132632,2011.521793
model_3_ptm_r9_seed6.pdb,9,9,79.26622492836668,1970.049075,2460.3214370000005
model_4_ptm_r11_seed6.pdb,11,11,78.75651146131803,1674.2684519999998,2041.3020255000001
model_5_ptm_r11_seed0.pdb,11,11,68.66287965616041,82.45259700000003,127.77926749999995
model_1_ptm_r0_seed1.pdb,0,0,50.727614613180506,540.3451250000002,996.721424
model_5_ptm_r6_seed2.pdb,6,6,79.28396131805171,19.24620749999994,84.6337519999999
model_4_ptm_r1_seed4.pdb,1,1,72.35620343839523,2494.745955,3016.181549
model_3_ptm_r4_seed5.pdb,4,4,79.84856733524357,2208.756163,2467.7734290000003
model_2_ptm_r3_seed3.pdb,3,3,69.00544412607448,2517.8090125,2583.6687684999997
model_4_ptm_r1_seed0.pdb,1,1,74.83588108882526,1851.319757,2249.1434975
model_5_ptm_r6_seed6.pdb,6,6,78.04826647564471,1489.461442,1694.6343415
model_2_ptm_r3_seed7.pdb,3,3,78.32580945558736,2532.965728,2902.1549385
model_3_ptm_r4_seed1.pdb,4,4,77.43259312320916,1701.6013475000002,2143.7669669999996
model_3_ptm_r9_seed2.pdb,9,9,77.301482808023,2048.6415500000003,2511.2408775000004
model_1_ptm_r0_seed5.pdb,0,0,49.17386103151864,151.3701809999999,10.948939500000023
model_1_ptm_r12_seed9.pdb,12,12,77.91568767908319,2048.16781,2695.515904
model_5_ptm_r11_seed4.pdb,11,11,78.13366045845268,346.4515745,156.82309150000003
model_4_ptm_r11_seed2.pdb,11,11,78.48980659025786,1859.3565594999998,2361.380918
model_3_ptm_r7_seed9.pdb,7,7,80.41367478510016,2040.3391585,2519.9599449999996
model_4_ptm_r2_seed8.pdb,2,2,68.6540186246419,2688.4294689999997,3161.0732805000007
model_1_ptm_r11_seed1.pdb,11,11,77.90166905444124,2590.769749,3193.4268840000004
model_1_ptm_r6_seed2.pdb,6,6,76.3640759312321,2778.7335235000005,3390.8759064999995
model_2_ptm_r8_seed3.pdb,8,8,78.4300787965614,2336.25879,2697.3987865
model_3_ptm_r2_seed6.pdb,2,2,76.67838108882518,1920.8584999999998,2420.1425204999996
model_2_ptm_r5_seed0.pdb,5,5,80.25127507163323,2737.085659,3592.2903610000003
model_5_ptm_r0_seed1.pdb,0,0,64.54881088825209,2815.508126,2775.5497065
model_4_ptm_r7_seed7.pdb,7,7,77.63551575931234,2810.2144670000002,3380.834873
model_2_ptm_r10_seed7.pdb,10,10,79.15790114613178,2458.8893605000003,2970.6821935000003
model_3_ptm_r10_seed1.pdb,10,10,79.94932664756462,2254.8768800000003,2653.8386175
model_1_ptm_r8_seed9.pdb,8,8,74.21062320916907,1778.6418979999999,2301.888952
model_5_ptm_r3_seed9.pdb,3,3,78.88378223495698,762.5384805,906.4444189999999
model_2_ptm_r6_seed8.pdb,6,6,77.82293696275076,2198.7903615,2805.1996820000004
model_2_ptm_r6_seed9.pdb,6,6,78.17828080229229,2414.1321255000003,3387.1911795
model_5_ptm_r3_seed8.pdb,3,3,77.07028653295143,3081.870371,3798.88422
model_1_ptm_r8_seed8.pdb,8,8,77.39285100286538,1826.7616215,2375.740735
model_2_ptm_r10_seed6.pdb,10,10,74.14844555873921,2567.683833,2986.652124
model_3_ptm_r10_seed0.pdb,10,10,79.3805300859599,1903.42819,2189.847122
model_5_ptm_r0_seed0.pdb,0,0,66.35598853868196,992.6608439999999,1221.9500560000001
model_4_ptm_r7_seed6.pdb,7,7,77.7663467048711,1259.792712,1630.6149185
model_3_ptm_r2_seed7.pdb,2,2,73.26775787965617,797.7448649999999,804.6560750000001
model_2_ptm_r5_seed1.pdb,5,5,79.43992120343839,2776.5763415,3392.186396
model_2_ptm_r8_seed2.pdb,8,8,78.68849570200578,2239.9217455,2876.8062885
model_1_ptm_r6_seed3.pdb,6,6,78.06028653295131,1667.187387,2123.241958
model_1_ptm_r11_seed0.pdb,11,11,76.39527220630367,1022.313425,1394.91075
model_4_ptm_r2_seed9.pdb,2,2,74.23412607449848,1524.3661539999998,1863.1936680000001
model_3_ptm_r7_seed8.pdb,7,7,80.21592406876796,1815.5235595,2114.9959095
model_1_ptm_r12_seed8.pdb,12,12,78.35854584527219,1491.756136,1975.8037335000001
model_5_ptm_r11_seed5.pdb,11,11,78.45012893982815,372.995529,392.50319750000006
model_4_ptm_r11_seed3.pdb,11,11,78.87507879656161,2572.6439025,3116.815042
model_1_ptm_r0_seed4.pdb,0,0,52.02321633237822,1417.511756,1827.688918
model_3_ptm_r9_seed3.pdb,9,9,77.06135386819489,2008.2571249999999,2505.9636294999996
model_2_ptm_r3_seed6.pdb,3,3,77.62077363896844,2278.100732,2687.282234
model_3_ptm_r4_seed0.pdb,4,4,79.13348853868195,2576.2242085000003,2981.2740485
model_4_ptm_r1_seed1.pdb,1,1,69.32049426934094,1937.4572465,2371.7291219999997
model_5_ptm_r6_seed7.pdb,6,6,73.12330229226353,961.793681,1221.5339545
model_5_ptm_r6_seed5.pdb,6,6,77.87919770773628,522.7292419999999,726.122505
model_4_ptm_r1_seed3.pdb,1,1,69.0171561604585,1378.3596725,1626.5266500000002
model_3_ptm_r4_seed2.pdb,4,4,77.93093123209162,1882.7540195000001,2132.3475955000004
model_2_ptm_r3_seed4.pdb,3,3,76.96746418338105,2032.1458119999998,2663.885386
model_3_ptm_r9_seed1.pdb,9,9,79.23036532951286,2109.8662095,2428.7078685
model_4_ptm_r11_seed1.pdb,11,11,78.2261389684813,1006.2369755,1352.538126
model_5_ptm_r11_seed7.pdb,11,11,73.20159742120339,388.56931199999985,713.498395
model_1_ptm_r0_seed6.pdb,0,0,51.95145415472782,2469.4765454999997,1414.508754
model_4_ptm_r12_seed9.pdb,12,12,76.02356017191987,165.92193599999987,348.9443155
model_1_ptm_r11_seed2.pdb,11,11,78.59829512893982,1128.4843125000002,1510.5107140000002
model_1_ptm_r6_seed1.pdb,6,6,76.26425501432675,1642.035872,2006.890524
model_2_ptm_r8_seed0.pdb,8,8,80.05863180515756,3056.358365,3843.873086
model_2_ptm_r5_seed3.pdb,5,5,74.17148280802294,2077.826822,2226.1049669999998
model_3_ptm_r2_seed5.pdb,2,2,77.00757879656166,2023.7425810000002,2398.29993
model_4_ptm_r7_seed4.pdb,7,7,79.03075931232081,2249.3349325,2600.35084
model_5_ptm_r0_seed2.pdb,0,0,66.27337392550132,2423.778015,2431.1935274999996
model_3_ptm_r10_seed2.pdb,10,10,80.00620343839529,2175.2943689999997,2627.4935665000003
model_2_ptm_r10_seed4.pdb,10,10,77.66628223495708,2470.68437,3115.6587074999998
model_1_ptm_r5_seed9.pdb,5,5,78.12651862464189,2023.01888,2413.08354
model_1_ptm_r5_seed8.pdb,5,5,77.43391117478507,2373.4863405,2811.8331295
model_3_ptm_r10_seed3.pdb,10,10,80.13310888252138,1917.1271040000001,2238.2596354999996
model_2_ptm_r10_seed5.pdb,10,10,78.5530300859599,3037.9057110000003,3773.895918
model_4_ptm_r7_seed5.pdb,7,7,77.56568051575927,640.676241,881.9813075000001
model_5_ptm_r0_seed3.pdb,0,0,61.988502865329586,2518.4638925,2439.3239965
model_2_ptm_r5_seed2.pdb,5,5,78.09537249283659,2563.2810584999997,3153.110306
model_3_ptm_r2_seed4.pdb,2,2,77.13167621776492,1304.820416,1507.57074
model_2_ptm_r8_seed1.pdb,8,8,79.02363180515746,2358.736764,2885.7561945
model_1_ptm_r6_seed0.pdb,6,6,77.29816618911163,2447.7858765,2979.709731
model_4_ptm_r12_seed8.pdb,12,12,78.70756446991402,3068.9767540000003,3711.523625
model_1_ptm_r11_seed3.pdb,11,11,72.29641833810884,2779.832652,3526.1982800000005
model_1_ptm_r0_seed7.pdb,0,0,51.683495702005764,114.661925,224.23572900000005
model_4_ptm_r11_seed0.pdb,11,11,78.1744412607451,2315.2388185,2827.5744139999997
model_5_ptm_r11_seed6.pdb,11,11,70.68234957020066,1362.9229839999998,1722.6585340000004
model_3_ptm_r9_seed0.pdb,9,9,79.39385386819484,1753.5511139999999,2090.1330985
model_3_ptm_r4_seed3.pdb,4,4,79.87743553008576,2237.0215024999998,2667.1795905
model_2_ptm_r3_seed5.pdb,3,3,78.45211318051571,3073.9764945000006,3763.3315470000002
model_5_ptm_r6_seed4.pdb,6,6,77.25826647564466,481.57837199999983,183.72800300000017
model_4_ptm_r1_seed2.pdb,1,1,69.30361031518622,1944.6385994999998,2077.8864750000002
model_1_ptm_r7_seed4.pdb,7,7,76.99070916905445,2024.7893059999997,2512.491352
model_2_ptm_r9_seed5.pdb,9,9,79.39108882521482,3014.2794999999996,3730.2976000000003
model_2_ptm_r12_seed9.pdb,12,12,79.56122492836674,2464.4735220000002,3050.1220515
model_3_ptm_r3_seed0.pdb,3,3,79.58194842406883,2595.75988,2907.6557260000004
model_2_ptm_r4_seed6.pdb,4,4,79.00669054441263,2279.972919,2714.366458
model_5_ptm_r1_seed7.pdb,1,1,68.88188395415477,1805.0488295000002,2033.3832725
model_4_ptm_r6_seed1.pdb,6,6,78.66177650429806,798.3089190000001,1161.80429
model_2_ptm_r11_seed1.pdb,11,11,80.12832378223492,2085.293839,2611.884794
model_3_ptm_r11_seed7.pdb,11,11,79.90573065902574,2075.9965884999997,2604.9532790000003
model_4_ptm_r5_seed9.pdb,5,5,76.69141117478509,2610.1761724999997,3059.0667
model_3_ptm_r0_seed8.pdb,0,0,54.16712750716335,153.14266900000007,144.39673750000003
model_4_ptm_r0_seed6.pdb,0,0,56.58381805157585,1905.6672165,2324.1981159999996
model_5_ptm_r7_seed0.pdb,7,7,70.15720630372482,1839.742066,2372.6236875000004
model_2_ptm_r2_seed1.pdb,2,2,71.3902148997135,3389.6189870000003,3265.7400165
model_3_ptm_r5_seed7.pdb,5,5,78.33613896848138,1904.2200825,2158.968252
model_3_ptm_r8_seed4.pdb,8,8,80.33353868194838,2170.583114,2799.2923095
model_5_ptm_r10_seed2.pdb,10,10,79.27209885386821,1439.5054695000001,1687.8636955
model_4_ptm_r10_seed4.pdb,10,10,78.64900429799432,2496.9676875000005,2973.9872455
model_1_ptm_r1_seed3.pdb,1,1,62.70985673352436,201.13725499999998,238.6835695000001
model_2_ptm_r1_seed9.pdb,1,1,57.360028653295124,1304.7459319999998,1138.6407105
model_5_ptm_r4_seed8.pdb,4,4,76.42262893982802,1589.6340675000001,1910.684205
model_1_ptm_r10_seed7.pdb,10,10,76.88742836676212,1601.5552969999999,2187.4544120000005
model_1_ptm_r10_seed6.pdb,10,10,77.71818767908304,1620.197991,2113.3057945
model_5_ptm_r4_seed9.pdb,4,4,79.04353868194842,3104.012912,3964.066728
model_2_ptm_r1_seed8.pdb,1,1,68.84165472779377,3188.2924784999996,3301.9826175
model_1_ptm_r1_seed2.pdb,1,1,64.75989255014322,1777.993214,1708.0149290000002
model_5_ptm_r10_seed3.pdb,10,10,78.61123925501433,269.57692199999985,279.5988675
model_4_ptm_r10_seed5.pdb,10,10,77.95041547277953,589.8795769999999,888.2240294999999
model_3_ptm_r8_seed5.pdb,8,8,78.45625358166195,2218.7407045,2594.417124
model_2_ptm_r2_seed0.pdb,2,2,73.38487106017199,2702.1095000000005,3520.1028689999994
model_3_ptm_r5_seed6.pdb,5,5,78.03267908309446,1747.752876,2187.2165904999997
model_4_ptm_r0_seed7.pdb,0,0,56.420436962750784,555.7172575000001,628.0377930000003
model_5_ptm_r7_seed1.pdb,7,7,78.67332378223503,3259.594935,4108.5374375
model_3_ptm_r0_seed9.pdb,0,0,57.586246418338185,757.3307689999999,263.39674349999996
model_4_ptm_r5_seed8.pdb,5,5,78.25650429799421,1856.966055,2351.194128
model_2_ptm_r11_seed0.pdb,11,11,79.87831661891113,3109.7725870000004,3898.299958
model_3_ptm_r11_seed6.pdb,11,11,79.59262177650439,1983.0277885,2255.3181649999997
model_5_ptm_r1_seed6.pdb,1,1,74.75925501432678,1483.8635439999998,1698.773577
model_4_ptm_r6_seed0.pdb,6,6,80.04213467048717,1899.001084,2370.0599825
model_3_ptm_r3_seed1.pdb,3,3,77.15638968481369,2195.9713005,2601.5765059999994
model_2_ptm_r4_seed7.pdb,4,4,78.99512893982794,2292.628851,2731.860605
model_2_ptm_r12_seed8.pdb,12,12,79.47166189111739,1621.4084189999999,2115.0397414999998
model_2_ptm_r9_seed4.pdb,9,9,80.66276504298008,2302.686053,3032.5672480000003
model_1_ptm_r7_seed5.pdb,7,7,77.50802292263609,2046.5154149999998,2528.4614289999995
model_1_ptm_r7_seed7.pdb,7,7,76.53668338108899,1755.5155035000002,2203.8836410000004
model_2_ptm_r9_seed6.pdb,9,9,80.20317335243544,2577.1472325,3060.4333815
model_2_ptm_r4_seed5.pdb,4,4,75.55019340974216,3216.7926955000003,3796.1010254999997
model_3_ptm_r3_seed3.pdb,3,3,79.44117478510033,1999.7332435,2231.36369
model_4_ptm_r6_seed2.pdb,6,6,78.86152578796559,2267.348763,2815.0137045
model_5_ptm_r1_seed4.pdb,1,1,69.52191977077352,49.936570000000074,45.48453299999994
model_3_ptm_r11_seed4.pdb,11,11,79.97743553008586,1865.4519999999998,2409.3187115
model_2_ptm_r11_seed2.pdb,11,11,72.45176934097428,1998.238465,2605.89725
model_4_ptm_r8_seed9.pdb,8,8,77.05906160458454,3100.6116675000003,3640.195005
model_5_ptm_r7_seed3.pdb,7,7,79.5876790830944,2746.729232,3496.5846720000004
model_4_ptm_r0_seed5.pdb,0,0,58.69881805157594,1918.2455600000003,1953.0504110000002
model_3_ptm_r5_seed4.pdb,5,5,79.12788681948423,2474.123365,3026.408224
model_2_ptm_r2_seed2.pdb,2,2,73.7343338108883,2840.1209989999998,3463.261359
model_3_ptm_r8_seed7.pdb,8,8,79.10954154727794,1547.7443279999998,1801.1442725
model_1_ptm_r1_seed0.pdb,1,1,64.83093123209167,2295.4380365,2490.805758
model_4_ptm_r10_seed7.pdb,10,10,78.4101289398282,1480.747264,1856.7699465
model_5_ptm_r10_seed1.pdb,10,10,79.70693409742124,773.802283,890.7823615000002
model_1_ptm_r2_seed8.pdb,2,2,72.47714183381085,2701.35474,2852.449079
model_5_ptm_r9_seed8.pdb,9,9,79.08701289398289,1324.6919589999998,1707.8835415
model_1_ptm_r10_seed4.pdb,10,10,78.83970630372507,2013.4340625000002,2619.198053
model_5_ptm_r9_seed9.pdb,9,9,72.14853868194834,523.6884650000001,537.3306344999999
model_1_ptm_r10_seed5.pdb,10,10,77.978259312321,1885.842495,2428.3101804999997
model_1_ptm_r2_seed9.pdb,2,2,72.59431948424071,2483.2051834999997,2726.3740595
model_4_ptm_r10_seed6.pdb,10,10,78.65485673352444,2613.6190325000002,3296.3457959999996
model_5_ptm_r10_seed0.pdb,10,10,74.68948424068763,686.26775,907.4790195
model_1_ptm_r1_seed1.pdb,1,1,61.89023638968473,16.273277500000063,238.913
model_3_ptm_r8_seed6.pdb,8,8,79.85698424068774,2239.4575409999998,2676.2320865
model_3_ptm_r5_seed5.pdb,5,5,79.88252148997138,2138.8908075,2558.207251
model_2_ptm_r2_seed3.pdb,2,2,65.55596704871047,2722.7100595,2880.307709
model_5_ptm_r7_seed2.pdb,7,7,79.26548710601712,2657.7968575,3286.3012285000004
model_4_ptm_r0_seed4.pdb,0,0,57.32088825214897,2723.8295690000004,2789.823424
model_4_ptm_r8_seed8.pdb,8,8,76.35456303724933,392.69946000000004,604.3485830000001
model_3_ptm_r11_seed5.pdb,11,11,78.55231375358161,2109.7247095,2452.503915
model_2_ptm_r11_seed3.pdb,11,11,79.31735673352439,2586.646465,3088.173209
model_4_ptm_r6_seed3.pdb,6,6,78.79817335243544,1273.6625940000001,1596.779054
model_5_ptm_r1_seed5.pdb,1,1,66.18696991404003,250.07052599999992,268.0221190000001
model_2_ptm_r4_seed4.pdb,4,4,79.5575214899714,2063.2032015,2697.118593
model_3_ptm_r3_seed2.pdb,3,3,71.78393982808028,1725.887375,2064.4049635
model_2_ptm_r9_seed7.pdb,9,9,79.51924068767896,2351.2870759999996,2843.3377610000002
model_1_ptm_r7_seed6.pdb,7,7,76.76806590257864,2578.547337,3253.513272
model_3_ptm_r12_seed9.pdb,12,12,79.73773638968478,1606.703415,1934.746406
model_2_ptm_r9_seed3.pdb,9,9,79.17560888252163,2521.8994159999997,2924.4953135
model_1_ptm_r7_seed2.pdb,7,7,72.05100286532965,1609.4181760000001,1996.7749724999996
model_5_ptm_r1_seed1.pdb,1,1,74.71289398280803,1520.6586765,1825.4549355
model_4_ptm_r6_seed7.pdb,6,6,77.67764326647573,2100.775331,2585.561801
model_3_ptm_r3_seed6.pdb,3,3,77.71719197707736,1999.7674385,2275.08483
model_2_ptm_r4_seed0.pdb,4,4,78.82908309455598,2668.4469755,3544.808844
model_2_ptm_r11_seed7.pdb,11,11,78.92876790830944,2314.525773,2840.935283
model_3_ptm_r11_seed1.pdb,11,11,79.61846704871049,1515.084592,1911.265265
model_2_ptm_r7_seed8.pdb,7,7,78.10078796561608,1931.4129395,2499.102184
model_1_ptm_r9_seed9.pdb,9,9,77.9016762177649,2213.5855095,2803.3904105
model_5_ptm_r2_seed9.pdb,2,2,77.52941260744988,2470.066677,3024.7567515000005
model_2_ptm_r2_seed7.pdb,2,2,72.17335959885385,3004.6779225,2919.1810370000003
model_3_ptm_r5_seed1.pdb,5,5,79.14383237822356,1617.6908535,1900.3426029999998
model_4_ptm_r0_seed0.pdb,0,0,60.606217765042835,3274.9218265,2734.390579
model_5_ptm_r7_seed6.pdb,7,7,78.48607449856733,2709.348728,3345.8956874999994
model_1_ptm_r1_seed5.pdb,1,1,61.9569054441261,1461.4643025,1465.8605915
model_5_ptm_r10_seed4.pdb,10,10,77.65830945558743,51.26665500000013,1.4728650000000698
model_4_ptm_r10_seed2.pdb,10,10,78.92095988538686,2061.269803,2439.289372
model_3_ptm_r8_seed2.pdb,8,8,79.1552148997135,2042.7213675,2346.2525910000004
model_4_ptm_r3_seed8.pdb,3,3,73.4949713467048,1289.6256630000003,1663.0589125000001
model_3_ptm_r6_seed9.pdb,6,6,80.08755730659016,2293.9804919999997,2611.896771
model_1_ptm_r10_seed1.pdb,10,10,77.37527220630379,1606.5893259999998,2047.752054
model_1_ptm_r10_seed0.pdb,10,10,76.4085744985673,2785.317359,3401.1017119999997
model_3_ptm_r6_seed8.pdb,6,6,79.23178366762167,2250.8426735,2713.6773015
model_4_ptm_r3_seed9.pdb,3,3,75.7406661891117,3047.375907,3533.044089
model_3_ptm_r8_seed3.pdb,8,8,77.20069484240686,1995.2522575,2440.3545
model_5_ptm_r10_seed5.pdb,10,10,78.64939111747861,1751.461972,2187.4045770000002
model_4_ptm_r10_seed3.pdb,10,10,79.07559455587395,1877.229793,2329.2690485
model_1_ptm_r1_seed4.pdb,1,1,68.7400787965616,2726.1073154999995,2889.6930645
model_4_ptm_r0_seed1.pdb,0,0,54.57623925501435,2495.27819,2835.164199
model_5_ptm_r7_seed7.pdb,7,7,71.34294412607431,1024.1420795000001,1456.1346679999997
model_2_ptm_r2_seed6.pdb,2,2,74.28661174785115,2440.8344945,2933.3533039999998
model_3_ptm_r5_seed0.pdb,5,5,76.05868911174774,1861.5586469999998,2193.8229895
model_5_ptm_r2_seed8.pdb,2,2,72.77380372492829,124.30925300000013,265.2269344999998
model_1_ptm_r9_seed8.pdb,9,9,78.24375358166182,2077.681505,2516.031034
model_2_ptm_r7_seed9.pdb,7,7,72.83484240687676,2221.701509,3181.4005410000004
model_2_ptm_r11_seed6.pdb,11,11,78.11249283667632,2717.1349535,3204.562672
model_3_ptm_r11_seed0.pdb,11,11,78.27928366762166,1841.6054399999998,2295.425461
model_3_ptm_r3_seed7.pdb,3,3,71.3731303724929,1809.6666850000001,2091.68808
model_2_ptm_r4_seed1.pdb,4,4,78.69094555873926,3070.7315000000003,3627.7004429999997
model_5_ptm_r1_seed0.pdb,1,1,71.09109598853865,2506.6305,3039.177882
model_4_ptm_r6_seed6.pdb,6,6,77.88223495701997,753.4938375,1017.5171819999999
model_1_ptm_r7_seed3.pdb,7,7,77.80568767908302,2811.3186269999997,3589.4924775000004
model_2_ptm_r9_seed2.pdb,9,9,75.88847421203438,2034.2291865000002,2615.410399
model_3_ptm_r12_seed8.pdb,12,12,80.45472063037234,2158.4012545,2566.666344
model_2_ptm_r9_seed0.pdb,9,9,80.12834527220629,3041.9354864999996,3855.408455
model_1_ptm_r7_seed1.pdb,7,7,76.28742120343841,2897.1496465,3469.7899295
model_4_ptm_r6_seed4.pdb,6,6,78.48115329512895,2207.9705594999996,2786.9829999999997
model_5_ptm_r1_seed2.pdb,1,1,76.84635386819497,1091.824143,1226.053669
model_2_ptm_r4_seed3.pdb,4,4,64.5417765042981,648.5191710000001,1413.8220449999997
model_3_ptm_r3_seed5.pdb,3,3,78.09552292263609,2108.2739675,2500.610686
model_1_ptm_r4_seed9.pdb,4,4,76.45628939828069,2464.945014,3126.7187160000003
model_3_ptm_r11_seed2.pdb,11,11,79.41273638968487,1946.230708,2235.8328285
model_2_ptm_r11_seed4.pdb,11,11,80.33530802292266,2626.9711614999997,3292.601117
model_3_ptm_r5_seed2.pdb,5,5,79.03165472779368,2345.9503634999996,2776.7385415
model_2_ptm_r2_seed4.pdb,2,2,73.79827363896851,2069.8746284999997,2542.3901205
model_5_ptm_r7_seed5.pdb,7,7,78.36201289398282,1554.328704,1908.493998
model_4_ptm_r0_seed3.pdb,0,0,54.16556590257879,176.81560049999996,5.12608200000011
model_4_ptm_r10_seed1.pdb,10,10,77.9710673352435,3091.225515,3924.684488
model_5_ptm_r10_seed7.pdb,10,10,73.17942693409744,1950.7076215,2271.054996
model_1_ptm_r1_seed6.pdb,1,1,68.87424785100289,1826.621255,1732.6778064999999
model_3_ptm_r8_seed1.pdb,8,8,77.58518624641842,1555.8122560000002,1902.1132934999998
model_1_ptm_r10_seed2.pdb,10,10,77.77175501432664,2847.42652,3646.1915885
model_1_ptm_r10_seed3.pdb,10,10,78.53010028653293,1814.66806,2325.2508195
model_3_ptm_r8_seed0.pdb,8,8,79.365659025788,2150.966706,2688.04155
model_1_ptm_r1_seed7.pdb,1,1,64.62751432664751,2706.0358770000003,2754.610564
model_4_ptm_r10_seed0.pdb,10,10,79.70502148997124,2223.022375,2766.7940544999997
model_5_ptm_r10_seed6.pdb,10,10,78.97958452722051,217.91523,194.8686524999999
model_5_ptm_r7_seed4.pdb,7,7,74.56933381088832,123.30643000000009,56.46899999999994
model_4_ptm_r0_seed2.pdb,0,0,56.21271489971339,3316.6487709999997,3397.694531
model_3_ptm_r5_seed3.pdb,5,5,80.24164756446986,1672.7331874999998,2135.1200989999998
model_2_ptm_r2_seed5.pdb,2,2,76.26521489971351,3023.9903130000002,3632.2732099999994
model_3_ptm_r11_seed3.pdb,11,11,79.43329512893978,2247.7770585000003,2661.0803525
model_2_ptm_r11_seed5.pdb,11,11,72.04413323782234,3067.013128,3776.1198860000004
model_1_ptm_r4_seed8.pdb,4,4,76.67086676217757,2371.5411395,2781.1217965
model_2_ptm_r4_seed2.pdb,4,4,78.79831661891116,2288.7419760000002,2865.1148209999997
model_3_ptm_r3_seed4.pdb,3,3,78.55949856733537,2001.7326975,2273.7286249999997
model_4_ptm_r6_seed5.pdb,6,6,77.27226361031516,3195.0477170000004,3919.5503264999998
model_5_ptm_r1_seed3.pdb,1,1,72.96157593123212,2084.7529604999995,2472.0924625
model_1_ptm_r7_seed0.pdb,7,7,77.07273638968486,1552.5788715,2043.1497285
model_2_ptm_r9_seed1.pdb,9,9,79.43724928366761,2144.36418,2635.5284285
model_3_ptm_r12_seed6.pdb,12,12,79.84870343839539,2120.9164655,2583.4807060000003
model_2_ptm_r12_seed0.pdb,12,12,80.06888968481377,3113.159667,3829.2037069999997
model_4_ptm_r6_seed8.pdb,6,6,78.8538323782235,1324.3650595,1732.5358985
model_3_ptm_r3_seed9.pdb,3,3,77.88121060171926,2191.6262070000002,2545.0648914999997
model_1_ptm_r4_seed5.pdb,4,4,75.68709885386811,2553.429507,3033.9554385
model_4_ptm_r8_seed3.pdb,8,8,79.35480659025785,3257.560792,3999.2554005
model_2_ptm_r11_seed8.pdb,11,11,79.57706303724925,1857.7479090000002,2393.0157965000003
model_2_ptm_r7_seed7.pdb,7,7,79.16257163323785,2107.011,2572.8272354999995
model_3_ptm_r0_seed1.pdb,0,0,55.142557306590284,67.76250999999996,111.78223350000003
model_1_ptm_r9_seed6.pdb,9,9,78.2043696275071,2623.5183755,3370.2964545000004
model_4_ptm_r5_seed0.pdb,5,5,80.16563037249291,2515.9982335000004,3158.7292755
model_5_ptm_r2_seed6.pdb,2,2,77.17214899713461,745.0796989999999,992.7660614999998
model_2_ptm_r2_seed8.pdb,2,2,75.07208452722067,2553.1368025,3060.399856
model_5_ptm_r7_seed9.pdb,7,7,78.65823782234969,1140.0261675,1308.5788734999999
model_5_ptm_r4_seed1.pdb,4,4,78.55334527220626,710.7871524999998,754.778063
model_4_ptm_r3_seed7.pdb,3,3,76.79868194842403,1588.7644250000003,2001.3369270000003
model_3_ptm_r6_seed6.pdb,6,6,79.98584527220638,1872.3021725,2308.781691
model_2_ptm_r1_seed0.pdb,1,1,70.70413323782239,2742.302035,3539.8096180000002
model_1_ptm_r2_seed2.pdb,2,2,72.19350286532952,2661.016396,2936.985514
model_5_ptm_r9_seed2.pdb,9,9,78.27154011461327,3144.7473359999994,3944.551458
model_5_ptm_r9_seed3.pdb,9,9,78.79656876790843,1809.3370439999999,2316.08975
model_1_ptm_r2_seed3.pdb,2,2,70.93325931232087,2652.0436139999997,2917.755982
model_3_ptm_r6_seed7.pdb,6,6,78.43376790830949,2189.8262320000003,2589.625467
model_2_ptm_r1_seed1.pdb,1,1,63.45398997134668,44.30442000000005,812.1924664999999
model_5_ptm_r4_seed0.pdb,4,4,78.98810171919767,1658.5814120000002,1987.126709
model_4_ptm_r3_seed6.pdb,3,3,74.54744269340976,2474.296503,3091.1887054999997
model_5_ptm_r7_seed8.pdb,7,7,79.22462750716335,2353.3350775,3042.8593730000002
model_2_ptm_r2_seed9.pdb,2,2,73.11912607449855,2918.7858085,3153.016556
model_4_ptm_r5_seed1.pdb,5,5,78.6057736389685,2692.6251455,3324.219118
model_5_ptm_r2_seed7.pdb,2,2,70.86069484240687,480.172458,611.307469
model_1_ptm_r9_seed7.pdb,9,9,77.45065186246417,2213.6796815,2772.2060165000003
model_2_ptm_r7_seed6.pdb,7,7,79.2162750716332,2396.9438265,2841.6196900000004
model_3_ptm_r0_seed0.pdb,0,0,58.22358882521483,1673.9148610000002,1286.5883550000003
model_2_ptm_r11_seed9.pdb,11,11,80.13324498567336,2439.119024,3072.0039380000003
model_4_ptm_r8_seed2.pdb,8,8,78.68079512894003,1665.8504139999998,2122.0787674999997
model_1_ptm_r4_seed4.pdb,4,4,75.52359598853873,2178.8404185,2673.88382
model_3_ptm_r3_seed8.pdb,3,3,77.59780802292264,2257.52071,2685.791762
model_4_ptm_r6_seed9.pdb,6,6,77.46957736389682,1900.982809,2309.9867480000003
model_3_ptm_r12_seed7.pdb,12,12,79.85905444126061,2014.75274,2399.9428795000003
model_2_ptm_r12_seed1.pdb,12,12,79.62945558739267,2106.8855869999998,2645.157228
model_2_ptm_r12_seed3.pdb,12,12,79.63719914040107,2552.1316800000004,3085.4941814999997
model_3_ptm_r12_seed5.pdb,12,12,79.35098853868183,2076.864475,2532.1153164999996
model_4_ptm_r8_seed0.pdb,8,8,79.48853151862468,3242.1673760000003,3932.5471660000003
model_1_ptm_r4_seed6.pdb,4,4,77.50731375358173,1915.1174955000001,2380.2654725
model_3_ptm_r0_seed2.pdb,0,0,53.12109598853864,263.240744,106.54641450000003
model_2_ptm_r7_seed4.pdb,7,7,80.66260028653292,2202.2283985,2871.259125
model_5_ptm_r2_seed5.pdb,2,2,67.79921919770771,125.31997799999999,28.743004499999927
model_4_ptm_r5_seed3.pdb,5,5,78.58936246418321,2845.1859045,3558.8544540000003
model_1_ptm_r9_seed5.pdb,9,9,76.26424068767898,2039.1246325000002,2500.502749
model_5_ptm_r10_seed8.pdb,10,10,78.69903295128933,408.646869,637.4069665
model_1_ptm_r1_seed9.pdb,1,1,63.84654011461314,3047.083863,2844.0518709999997
model_4_ptm_r3_seed4.pdb,3,3,77.51533667621769,2213.6405194999998,2908.4463805
model_5_ptm_r4_seed2.pdb,4,4,78.418588825215,15.311177499999985,96.49281199999996
model_2_ptm_r1_seed3.pdb,1,1,63.26750716332379,749.7643879999999,157.80215699999997
model_3_ptm_r6_seed5.pdb,6,6,77.89113896848147,1893.6777785,2372.45308
model_5_ptm_r9_seed1.pdb,9,9,79.13086676217767,2284.3428925,2913.9907265
model_1_ptm_r2_seed1.pdb,2,2,67.96332378223488,2133.3847815,2390.1061825
model_1_ptm_r2_seed0.pdb,2,2,72.111640401146,1992.7372215,2220.735976
model_5_ptm_r9_seed0.pdb,9,9,73.22422636103155,748.8516910000001,986.958269
model_2_ptm_r1_seed2.pdb,1,1,71.60529369627518,2922.479135,2914.988358
model_3_ptm_r6_seed4.pdb,6,6,79.85170487106022,1952.631672,2263.6069340000004
model_4_ptm_r3_seed5.pdb,3,3,77.55024355300857,2460.895234,3035.8722705
model_5_ptm_r4_seed3.pdb,4,4,79.13624641833806,999.682468,1161.2567215000001
model_1_ptm_r1_seed8.pdb,1,1,63.36825214899718,1254.9044635,1902.7336005
model_5_ptm_r10_seed9.pdb,10,10,78.42483524355322,1338.8355849999998,1698.939024
model_1_ptm_r9_seed4.pdb,9,9,77.3314469914041,2028.1493795,2510.4646390000003
model_5_ptm_r2_seed4.pdb,2,2,73.29798710601727,377.398828,196.30727999999996
model_4_ptm_r5_seed2.pdb,5,5,78.81227793696267,1961.97328,2355.0109960000004
model_3_ptm_r0_seed3.pdb,0,0,57.724276504298004,1934.4731759999997,1939.0270094999998
model_2_ptm_r7_seed5.pdb,7,7,78.5573137535817,2986.6151875,3723.6331394999997
model_1_ptm_r4_seed7.pdb,4,4,76.93883237822351,2473.697141,3156.4193174999996
model_4_ptm_r8_seed1.pdb,8,8,77.53672636103147,2528.4316095,3206.510095
model_2_ptm_r12_seed2.pdb,12,12,75.85169054441269,1821.3087235,2364.6798
model_3_ptm_r12_seed4.pdb,12,12,80.21229942693407,2055.4386274999997,2660.0618085
model_3_ptm_r12_seed0.pdb,12,12,79.31601719197701,1872.11031,2333.5216874999996
model_2_ptm_r12_seed6.pdb,12,12,79.74673352435548,2633.1408315,3202.5303945
model_2_ptm_r4_seed9.pdb,4,4,74.41585243553021,2709.0747535,3303.2791209999996
model_5_ptm_r1_seed8.pdb,1,1,61.573252148997014,1928.3862545,2134.0986845
model_3_ptm_r11_seed8.pdb,11,11,80.20644699140394,1836.9451770000003,2096.563338
model_4_ptm_r8_seed5.pdb,8,8,78.52725644699152,1701.6929855,2225.661904
model_1_ptm_r4_seed3.pdb,4,4,76.73866045845269,1860.0259725,2320.497503
model_4_ptm_r5_seed6.pdb,5,5,77.09782951289411,3214.9263570000003,4002.3216975
model_5_ptm_r2_seed0.pdb,2,2,77.38544412607436,864.5038810000001,972.4308600000002
model_1_ptm_r9_seed0.pdb,9,9,76.92065186246414,863.202601,1211.114909
model_2_ptm_r7_seed1.pdb,7,7,79.54962750716321,2583.336527,3161.3170040000005
model_3_ptm_r0_seed7.pdb,0,0,56.70325931232099,52.78565700000013,292.47790499999996
model_4_ptm_r0_seed9.pdb,0,0,55.76108882521486,2762.9697244999998,2541.062418
model_3_ptm_r5_seed8.pdb,5,5,78.03144699140395,2048.628339,2319.425788
model_3_ptm_r6_seed0.pdb,6,6,77.99566618911173,1786.8745990000002,1960.7001039999998
model_2_ptm_r1_seed6.pdb,1,1,66.43551575931232,2813.6317875,2979.9035220000005
model_5_ptm_r4_seed7.pdb,4,4,69.73880372492835,331.22730650000005,547.1032299999999
model_4_ptm_r3_seed1.pdb,3,3,78.10195558739248,1895.3798625,2415.42578
model_5_ptm_r9_seed4.pdb,9,9,74.68812320916915,101.09563150000008,40.61012949999997
model_1_ptm_r10_seed8.pdb,10,10,77.9311246418339,2383.9596579999998,3000.4335739999997
model_1_ptm_r2_seed4.pdb,2,2,74.64777936962753,2207.233688,2580.5474655
model_1_ptm_r2_seed5.pdb,2,2,70.56677650429792,2880.1820625,2868.1018164999996
model_5_ptm_r9_seed5.pdb,9,9,78.54292263610327,778.9603320000001,1003.890771
model_1_ptm_r10_seed9.pdb,10,10,78.70692693409738,1986.3158955,2554.1973
model_5_ptm_r4_seed6.pdb,4,4,78.02229942693413,802.1278350000001,886.4316435000001
model_4_ptm_r3_seed0.pdb,3,3,77.6300931232092,2150.445203,2578.2507625
model_3_ptm_r6_seed1.pdb,6,6,78.2782306590258,2551.877942,2898.8068769999995
model_2_ptm_r1_seed7.pdb,1,1,62.55171919770769,608.828692,315.2191914999999
model_3_ptm_r5_seed9.pdb,5,5,80.08727077363905,1914.4836059999998,2237.7321925
model_4_ptm_r0_seed8.pdb,0,0,55.55138252148988,2946.0552595,3072.17508
model_2_ptm_r7_seed0.pdb,7,7,79.68479942693409,2944.809461,3814.7253895
model_3_ptm_r0_seed6.pdb,0,0,59.90361031518618,2113.108561,1893.8725769999999
model_1_ptm_r9_seed1.pdb,9,9,77.56184813753579,2885.1355855,3483.795292
model_4_ptm_r5_seed7.pdb,5,5,74.25538681948426,604.0219289999999,818.7312480000002
model_5_ptm_r2_seed1.pdb,2,2,75.15654727793692,267.257622,426.1127785000001
model_1_ptm_r4_seed2.pdb,4,4,76.72385386819481,2680.458876,3230.977917
model_4_ptm_r8_seed4.pdb,8,8,78.4100787965615,1889.657702,2382.041917
model_3_ptm_r11_seed9.pdb,11,11,79.03194842406879,2376.079817,2936.5887595000004
model_5_ptm_r1_seed9.pdb,1,1,74.89232091690543,1014.924931,1297.982406
model_2_ptm_r4_seed8.pdb,4,4,77.19328796561607,2044.4918604999998,2642.894915
model_3_ptm_r12_seed1.pdb,12,12,80.59500000000001,1605.5545800000002,1961.5699315000002
model_2_ptm_r12_seed7.pdb,12,12,75.83876790830949,2332.3954175,2868.4463269999997
model_1_ptm_r7_seed8.pdb,7,7,74.83196991404012,2354.809327,2842.671466
model_2_ptm_r12_seed5.pdb,12,12,71.91914756447002,3108.099897,3781.096908
model_3_ptm_r12_seed3.pdb,12,12,72.8098925501434,1731.1557500000001,2122.297567
model_2_ptm_r9_seed9.pdb,9,9,80.0827292263611,2344.9403295,3104.7191159999998
model_1_ptm_r4_seed0.pdb,4,4,76.72626790830951,2048.783556,2415.3123020000003
model_4_ptm_r8_seed6.pdb,8,8,78.11765759312323,2930.2360280000003,3629.632338
model_1_ptm_r9_seed3.pdb,9,9,77.31696991404004,2743.6520490000003,3514.5785400000004
model_5_ptm_r2_seed3.pdb,2,2,76.36252148997134,362.2862115,528.679578
model_4_ptm_r5_seed5.pdb,5,5,76.0797851002865,1129.381249,1559.3231240000002
model_3_ptm_r0_seed4.pdb,0,0,56.2625429799427,185.4570399999999,448.1336225
model_2_ptm_r7_seed2.pdb,7,7,79.74587392550147,2350.042046,3018.101415
model_3_ptm_r8_seed8.pdb,8,8,79.41833810888265,1692.8586920000002,1912.4545520000001
model_4_ptm_r10_seed8.pdb,10,10,78.37264326647555,1862.985115,2333.720479
model_2_ptm_r1_seed5.pdb,1,1,70.29176217765047,3395.2768404999997,3633.503903
model_3_ptm_r6_seed3.pdb,6,6,80.32498567335247,1534.9772129999997,1846.8212540000002
model_4_ptm_r3_seed2.pdb,3,3,78.24566618911173,2210.8822200000004,2769.8438064999996
model_5_ptm_r4_seed4.pdb,4,4,76.82043696275082,504.24273600000004,232.21956500000022
model_1_ptm_r2_seed7.pdb,2,2,72.54274355300853,2516.295732,2903.1937745
model_5_ptm_r9_seed7.pdb,9,9,73.10376074498565,744.1771755,1158.4766089999998
model_5_ptm_r9_seed6.pdb,9,9,78.78853151862455,2008.3801125,2538.807034
model_1_ptm_r2_seed6.pdb,2,2,73.72287965616052,2626.21879,3152.690316
model_4_ptm_r3_seed3.pdb,3,3,70.33496418338099,2510.618919,3060.3547180000005
model_5_ptm_r4_seed5.pdb,4,4,75.82583094555872,1303.817503,1637.846325
model_2_ptm_r1_seed4.pdb,1,1,66.72017191977088,903.0033045,1534.4869705
model_3_ptm_r6_seed2.pdb,6,6,79.92064469914031,2254.495755,2751.2270940000003
model_4_ptm_r10_seed9.pdb,10,10,76.752893982808,1076.6501994999999,1396.2628039999997
model_3_ptm_r8_seed9.pdb,8,8,80.55664756446994,2009.9797214999999,2448.9649569999997
model_3_ptm_r0_seed5.pdb,0,0,58.54320916905445,2669.626429,1543.8337004999998
model_2_ptm_r7_seed3.pdb,7,7,79.05077363896842,2330.2232000000004,2690.405086
model_5_ptm_r2_seed2.pdb,2,2,78.74694126074506,949.5228799999999,1212.7445975
model_4_ptm_r5_seed4.pdb,5,5,76.8751504297994,2100.6806895,2536.9091275
model_1_ptm_r9_seed2.pdb,9,9,77.90957020057319,1496.2254855,1950.2712079999997
model_4_ptm_r8_seed7.pdb,8,8,76.52404011461329,362.24469550000003,579.6291319999998
model_1_ptm_r4_seed1.pdb,4,4,75.22848137535811,1723.767667,2143.6012215
model_2_ptm_r9_seed8.pdb,9,9,74.69681948424063,1738.3460499999999,2268.5115255
model_2_ptm_r12_seed4.pdb,12,12,80.4219914040115,2702.4248004999995,3420.871147
model_3_ptm_r12_seed2.pdb,12,12,77.53747134670496,1996.0666370000001,2329.0593925000003
model_1_ptm_r7_seed9.pdb,7,7,77.48623209169047,2234.0816755,2756.0565415
model_5_ptm_r6_seed9.pdb,6,6,79.84553724928382,2831.824415,3588.3051054999996
model_2_ptm_r3_seed8.pdb,3,3,77.25931232091696,2214.4797259999996,2799.916742
model_1_ptm_r12_seed6.pdb,12,12,78.1160028653294,1463.998743,1914.3905784999997
model_3_ptm_r7_seed6.pdb,7,7,78.41980659025796,1838.13814,2024.8664205
model_2_ptm_r0_seed0.pdb,0,0,60.657356733524345,3160.384,2921.0667774999997
model_5_ptm_r5_seed1.pdb,5,5,79.11294412607437,3229.4921249999998,3977.9829315
model_4_ptm_r2_seed7.pdb,2,2,74.5974713467049,2395.800713,2653.3388954999996
model_1_ptm_r3_seed2.pdb,3,3,75.16017908309449,1825.9990750000002,2153.4716894999997
model_5_ptm_r8_seed2.pdb,8,8,78.443946991404,825.3182749999999,929.0215229999999
model_4_ptm_r12_seed5.pdb,12,12,78.33969914040104,1978.438955,2481.7912284999998
model_5_ptm_r12_seed3.pdb,12,12,78.2409025787964,731.3616585000001,981.817508
model_3_ptm_r2_seed9.pdb,2,2,76.04876790830956,1865.695434,1961.200668
model_4_ptm_r7_seed8.pdb,7,7,79.28651146131793,3129.307667,3824.7647745000004
model_2_ptm_r10_seed8.pdb,10,10,79.4475143266476,1907.8756325,2434.5324840000003
model_1_ptm_r5_seed5.pdb,5,5,76.7082020057307,1667.243578,1995.3207065000001
model_4_ptm_r9_seed3.pdb,9,9,79.39128939828097,139.22979800000002,290.4226950000001
model_1_ptm_r8_seed6.pdb,8,8,77.82661891117476,1742.8269805,2234.4201755
model_4_ptm_r4_seed0.pdb,4,4,79.01580945558749,803.9458400000001,1188.4040685
model_5_ptm_r3_seed6.pdb,3,3,78.61020057306578,2652.692354,3137.8332225
model_2_ptm_r6_seed7.pdb,6,6,79.21105300859604,2211.5924489999998,2706.6761829999996
model_3_ptm_r1_seed1.pdb,1,1,66.07597421203435,940.0808040000001,812.0432275000002
model_2_ptm_r6_seed6.pdb,6,6,73.57601002865327,2498.871051,2896.785795
model_3_ptm_r1_seed0.pdb,1,1,71.53498567335251,327.89090850000014,484.1139789999999
model_4_ptm_r4_seed1.pdb,4,4,78.00852435530076,1668.0457360000003,2242.4721525000004
model_5_ptm_r3_seed7.pdb,3,3,70.7882449856734,2424.4440059999997,2693.2024524999997
model_1_ptm_r8_seed7.pdb,8,8,77.94242120343833,2323.430967,3057.316071
model_4_ptm_r9_seed2.pdb,9,9,78.31084527220621,2194.9418760000003,2538.1288114999998
model_1_ptm_r5_seed4.pdb,5,5,77.45741404011467,1786.2258249999998,2182.1741254999997
model_2_ptm_r10_seed9.pdb,10,10,79.92800143266481,2290.3164775,2998.5204160000003
model_4_ptm_r7_seed9.pdb,7,7,77.10213467048712,225.7757375,420.551127
model_3_ptm_r2_seed8.pdb,2,2,75.04302292263617,2091.8396075,2377.222916
model_4_ptm_r12_seed4.pdb,12,12,78.46155444126077,2637.83905,3202.685576
model_5_ptm_r8_seed3.pdb,8,8,77.7127077363895,1194.647051,1419.1526025
model_5_ptm_r12_seed2.pdb,12,12,79.97975644699136,1611.4790525,1921.2294389999997
model_1_ptm_r3_seed3.pdb,3,3,74.43122492836676,2514.8326985000003,2959.6247839999996
model_5_ptm_r5_seed0.pdb,5,5,78.49465616045843,2618.8959795,3355.0553085
model_4_ptm_r2_seed6.pdb,2,2,76.66284383954152,2317.048349,2933.4631815
model_3_ptm_r7_seed7.pdb,7,7,79.23802292263615,2303.0805565,2840.874432
model_2_ptm_r0_seed1.pdb,0,0,53.44265042979943,648.3625244999998,233.77150350000005
model_1_ptm_r12_seed7.pdb,12,12,78.35790114613188,1406.2280504999999,1937.6743119999999
model_2_ptm_r3_seed9.pdb,3,3,75.79534383954139,2869.8451004999997,3351.06583
model_5_ptm_r6_seed8.pdb,6,6,78.34699856733515,1837.6554275,2242.444925
model_1_ptm_r12_seed5.pdb,12,12,77.01559455587383,1910.055,2477.8494874999997
model_5_ptm_r11_seed8.pdb,11,11,78.7138180515761,769.9599330000001,1037.857315
model_1_ptm_r0_seed9.pdb,0,0,49.562979942693396,240.38319649999983,3.057241999999988
model_2_ptm_r0_seed3.pdb,0,0,51.97282234957014,961.1471040000001,947.2620924999999
model_3_ptm_r7_seed5.pdb,7,7,79.4918839541547,1329.05869,1545.5963764999997
model_4_ptm_r2_seed4.pdb,2,2,75.38368194842408,2120.542062,2489.921666
model_5_ptm_r5_seed2.pdb,5,5,79.2008381088825,2492.8408995,2976.692457
model_5_ptm_r12_seed0.pdb,12,12,77.67266475644713,1964.568258,2521.2319369999996
model_5_ptm_r8_seed1.pdb,8,8,79.3720773638968,1993.7373315,2412.4201875
model_4_ptm_r12_seed6.pdb,12,12,78.48121776504303,720.2354720000001,1005.3528394999997
model_1_ptm_r3_seed1.pdb,3,3,71.9886891117477,2705.2912714999998,3026.234207
model_4_ptm_r9_seed0.pdb,9,9,80.07355300859598,681.818702,946.6634479999999
model_1_ptm_r5_seed6.pdb,5,5,75.29548710601713,2470.063171,3013.4330179999997
model_5_ptm_r3_seed5.pdb,3,3,71.77251432664752,1643.706772,1568.3397885
model_4_ptm_r4_seed3.pdb,4,4,76.60805873925509,334.05508899999995,561.489875
model_1_ptm_r8_seed5.pdb,8,8,73.87725644699145,2189.9902020000004,2739.547752
model_3_ptm_r1_seed2.pdb,1,1,67.77693409742118,982.3007685000001,1038.336954
model_2_ptm_r6_seed4.pdb,6,6,79.59396848137534,1868.841057,2473.050889
model_3_ptm_r1_seed3.pdb,1,1,70.65969914040105,1221.1429555000002,1457.850453
model_2_ptm_r6_seed5.pdb,6,6,75.69778653295114,3066.8898719999997,3759.9663435
model_1_ptm_r8_seed4.pdb,8,8,76.6528080229227,2336.672869,2996.579437
model_5_ptm_r3_seed4.pdb,3,3,75.67232091690532,0.2233555000002525,22.93610849999996
model_4_ptm_r4_seed2.pdb,4,4,78.31282234957014,2140.0745684999997,2462.2537245000003
model_1_ptm_r5_seed7.pdb,5,5,69.83034383954156,1631.212512,1992.3853350000002
model_4_ptm_r9_seed1.pdb,9,9,77.68033667621773,693.8769990000001,1013.8532079999999
model_1_ptm_r3_seed0.pdb,3,3,74.81103151862456,2417.175444,3001.8646425
model_5_ptm_r12_seed1.pdb,12,12,79.54062320916921,465.2671319999999,635.5694179999999
model_4_ptm_r12_seed7.pdb,12,12,78.75394699140416,3205.5981595000003,3749.2540389999995
model_5_ptm_r8_seed0.pdb,8,8,76.48962034383953,92.70825400000007,246.291298
model_4_ptm_r2_seed5.pdb,2,2,76.23637535816633,1752.816828,2323.956314
model_5_ptm_r5_seed3.pdb,5,5,78.96424068767912,3236.496706,4071.4065439999995
model_2_ptm_r0_seed2.pdb,0,0,56.352421203438354,174.09702400000003,166.64583599999992
model_3_ptm_r7_seed4.pdb,7,7,77.15702722063048,2165.9474615,2625.4006039999995
model_1_ptm_r0_seed8.pdb,0,0,50.539699140401126,1560.6323439999999,799.9082485
model_1_ptm_r12_seed4.pdb,12,12,78.84122492836674,2169.65917,2805.833777
model_5_ptm_r11_seed9.pdb,11,11,78.83400429799423,683.5824690000002,950.2445609999999
model_3_ptm_r4_seed8.pdb,4,4,78.6709742120344,1798.5130055000004,2054.2261405
model_4_ptm_r1_seed9.pdb,1,1,68.57785816618916,2427.9988610000005,2693.4026894999997
model_1_ptm_r12_seed0.pdb,12,12,69.93578796561609,3025.4856885,3717.6470235000006
model_5_ptm_r5_seed7.pdb,5,5,71.0706446991403,2179.346078,2875.6246095
model_4_ptm_r2_seed1.pdb,2,2,76.42679799426935,2178.223879,2661.8754240000003
model_3_ptm_r7_seed0.pdb,7,7,79.48500716332369,2014.8091775,2388.215772
model_2_ptm_r0_seed6.pdb,0,0,54.67019340974223,604.517795,112.20444949999992
model_5_ptm_r8_seed4.pdb,8,8,76.3013108882521,282.47160350000024,104.82691599999987
model_4_ptm_r12_seed3.pdb,12,12,77.17760028653295,115.06870800000013,279.3471289999999
model_1_ptm_r11_seed8.pdb,11,11,78.18199856733524,2123.185,2574.9506439999996
model_5_ptm_r12_seed5.pdb,12,12,77.61100286532961,2502.5724645,3118.774353
model_1_ptm_r3_seed4.pdb,3,3,76.13113180515761,2136.528436,2568.3667295000005
model_5_ptm_r0_seed8.pdb,0,0,56.4496848137536,134.34091799999987,254.58791300000001
model_2_ptm_r5_seed9.pdb,5,5,76.01340974212027,2346.450484,3452.4871725000003
model_4_ptm_r9_seed5.pdb,9,9,78.910164756447,2729.458455,3395.0218299999997
model_1_ptm_r5_seed3.pdb,5,5,76.5238037249284,2524.3580595000003,3195.8494955
model_3_ptm_r10_seed8.pdb,10,10,79.3797707736389,2402.4194785,2871.026062
model_2_ptm_r6_seed1.pdb,6,6,79.8299498567335,2711.0051160000003,3269.5735255000004
model_3_ptm_r1_seed7.pdb,1,1,66.10338825214899,5.680467499999963,756.8737499999999
model_4_ptm_r4_seed6.pdb,4,4,70.76638252148985,430.50117299999994,707.270323
model_5_ptm_r3_seed0.pdb,3,3,78.83853151862466,3159.3718495000003,3930.56456
model_1_ptm_r8_seed0.pdb,8,8,77.20742836676222,2666.2103429999997,3223.4747479999996
model_1_ptm_r8_seed1.pdb,8,8,78.2170200573065,1409.0207335,1705.5320659999998
model_4_ptm_r4_seed7.pdb,4,4,76.22929083094542,3094.408238,3703.4396030000003
model_5_ptm_r3_seed1.pdb,3,3,77.9305730659026,2794.25804,3390.8052884999997
model_2_ptm_r6_seed0.pdb,6,6,79.71607449856738,2883.417117,3740.1562980000003
model_3_ptm_r1_seed6.pdb,1,1,72.82199856733517,1549.732162,1680.111277
model_3_ptm_r10_seed9.pdb,10,10,78.02435530085958,2299.1774595,2785.8331905
model_1_ptm_r5_seed2.pdb,5,5,77.41433381088818,1822.1459329999998,2241.3852914999998
model_4_ptm_r9_seed4.pdb,9,9,78.91416189111746,2150.023592,2668.0835429999997
model_2_ptm_r5_seed8.pdb,5,5,78.23335243553018,2281.0520549999997,2873.2500375
model_5_ptm_r0_seed9.pdb,0,0,62.96166905444125,57.132938999999965,313.83445300000005
model_1_ptm_r3_seed5.pdb,3,3,74.43927650429815,1997.8665839999999,2260.34821
model_4_ptm_r12_seed2.pdb,12,12,77.4939111747851,2760.40999,3292.0875475000003
model_5_ptm_r8_seed5.pdb,8,8,79.25019340974218,407.90731899999986,586.6564070000001
model_1_ptm_r11_seed9.pdb,11,11,78.72281518624649,2166.739084,2684.749461
model_5_ptm_r12_seed4.pdb,12,12,78.09603151862459,92.58401000000015,74.86621300000007
model_3_ptm_r7_seed1.pdb,7,7,78.31264326647567,1816.947146,2177.90814
model_2_ptm_r0_seed7.pdb,0,0,54.739978510028536,1948.992832,1122.416268
model_5_ptm_r5_seed6.pdb,5,5,78.74128939828083,3120.431034,3749.3906739999998
model_4_ptm_r2_seed0.pdb,2,2,77.45231375358159,2117.417878,2687.5001475
model_1_ptm_r12_seed1.pdb,12,12,77.91163323782239,1681.990375,2088.789748
model_4_ptm_r1_seed8.pdb,1,1,69.27894699140407,2419.4465515,2790.8003845
model_3_ptm_r4_seed9.pdb,4,4,79.81494985673363,2173.827547,2651.4695899999997
model_1_ptm_r12_seed3.pdb,12,12,77.41129656160456,1570.3719735,2047.917462
model_4_ptm_r11_seed8.pdb,11,11,78.51368911174787,1000.251972,1351.853967
model_3_ptm_r9_seed8.pdb,9,9,73.16881805157597,1906.1873280000002,2265.5579690000004
model_4_ptm_r2_seed2.pdb,2,2,76.86826647564465,2207.593956,2568.878222
model_5_ptm_r5_seed4.pdb,5,5,76.86551575931227,181.47022399999997,100.07274750000005
model_2_ptm_r0_seed5.pdb,0,0,54.33725644699137,555.3681070000002,1151.7427280000002
model_3_ptm_r7_seed3.pdb,7,7,80.01737106017184,2204.901805,2552.557326
model_1_ptm_r3_seed7.pdb,3,3,75.1108667621776,1822.4024829999998,2076.167655
model_5_ptm_r12_seed6.pdb,12,12,78.508975644699,969.4083515,1342.591203
model_5_ptm_r8_seed7.pdb,8,8,72.40960601719199,1658.8985435,1989.3426940000002
model_4_ptm_r12_seed0.pdb,12,12,78.8979727793696,934.1943785000001,1313.2115370000001
model_2_ptm_r8_seed9.pdb,8,8,78.62497134670484,2413.9786929999996,3299.5580084999992
model_1_ptm_r6_seed8.pdb,6,6,71.72143982808026,1462.062084,1915.3799984999998
model_1_ptm_r5_seed0.pdb,5,5,76.83257879656158,1971.1418549999999,2551.709829
model_4_ptm_r9_seed6.pdb,9,9,78.03450573065908,69.04156499999999,214.1104669999998
model_3_ptm_r1_seed4.pdb,1,1,68.78931232091688,1657.0752129999996,1815.0477345
model_2_ptm_r6_seed2.pdb,6,6,79.00395415472771,2475.085752,3127.196853
model_1_ptm_r8_seed3.pdb,8,8,77.83015759312332,1544.995488,1967.5249179999998
model_5_ptm_r3_seed3.pdb,3,3,78.09283667621781,2740.654252,3366.576046
model_4_ptm_r4_seed5.pdb,4,4,70.91469197707745,1991.9794725000002,2404.071125
model_5_ptm_r3_seed2.pdb,3,3,79.35302292263609,2322.279597,2747.719671
model_4_ptm_r4_seed4.pdb,4,4,77.65560171919773,2241.4191485,2734.696044
model_1_ptm_r8_seed2.pdb,8,8,77.78368911174772,2617.593547,3363.546424
model_3_ptm_r1_seed5.pdb,1,1,66.57906876790845,1095.4530825000002,1029.838168
model_2_ptm_r6_seed3.pdb,6,6,79.11755730659027,2349.8158789999998,2655.381585
model_4_ptm_r9_seed7.pdb,9,9,77.78740687679087,2780.8712015,3444.4670705000003
model_1_ptm_r5_seed1.pdb,5,5,76.12377507163318,2600.6985680000003,3067.2586785
model_1_ptm_r6_seed9.pdb,6,6,78.15734240687692,2072.949976,2677.0423459999993
model_2_ptm_r8_seed8.pdb,8,8,79.7304441260744,1967.5091765000002,2558.145993
model_5_ptm_r12_seed7.pdb,12,12,72.71023638968471,2485.0867625,2949.5088954999997
model_4_ptm_r12_seed1.pdb,12,12,78.93994985673363,1360.258563,1813.1497085
model_5_ptm_r8_seed6.pdb,8,8,79.12684813753582,1172.509578,1345.8668344999999
model_1_ptm_r3_seed6.pdb,3,3,76.05472063037251,2140.35893,2491.0865315
model_2_ptm_r0_seed4.pdb,0,0,53.30371060171918,22.857375000000047,327.970869
model_3_ptm_r7_seed2.pdb,7,7,80.194312320917,1270.8371425,1443.4051470000002
model_4_ptm_r2_seed3.pdb,2,2,76.36970630372488,2111.634251,2614.183623
model_5_ptm_r5_seed5.pdb,5,5,77.44179083094565,1871.7255169999999,2154.8484195
model_3_ptm_r9_seed9.pdb,9,9,79.84631805157602,1815.690675,2093.0484315
model_1_ptm_r12_seed2.pdb,12,12,78.22707736389694,2994.5328465000002,3859.2622474999994
model_4_ptm_r11_seed9.pdb,11,11,76.21997134670502,3181.7824414999995,3782.6462645
