Filename,Area_Up,Area_Down
model_2_ptm_r3_seed1.pdb,39.314388000000235,254.53112700000017
model_3_ptm_r4_seed7.pdb,241.19320499999998,274.78527099999985
model_4_ptm_r1_seed6.pdb,4385.462504,3433.520088
model_5_ptm_r6_seed0.pdb,402.0090029999999,801.278828
model_5_ptm_r11_seed2.pdb,2543.3841795000003,2963.647901
model_4_ptm_r11_seed4.pdb,182.91677800000008,286.88060399999983
model_1_ptm_r0_seed3.pdb,172.08731249999983,211.633568
model_3_ptm_r9_seed4.pdb,123.68076350000001,13.398557499999999
model_5_ptm_r5_seed8.pdb,1236.4340389999998,1533.5386175
model_2_ptm_r0_seed9.pdb,426.94935199999986,64.80049600000007
model_1_ptm_r11_seed7.pdb,349.0893975,132.93245900000005
model_2_ptm_r8_seed5.pdb,248.90859550000016,453.946656
model_1_ptm_r6_seed4.pdb,120.25282999999982,17.5896295
model_5_ptm_r0_seed7.pdb,86.13720599999998,146.741266
model_4_ptm_r7_seed1.pdb,3547.0068995,3941.707875
model_3_ptm_r2_seed0.pdb,630.7278884999997,369.6571865
model_2_ptm_r5_seed6.pdb,3178.1158815,2873.1127975
model_2_ptm_r10_seed1.pdb,68.61208649999992,33.68328449999996
model_3_ptm_r10_seed7.pdb,285.0082594999999,594.5634060000001
model_3_ptm_r1_seed8.pdb,552.3446875,724.3882675
model_4_ptm_r4_seed9.pdb,2015.771284,2236.2458979999997
model_4_ptm_r4_seed8.pdb,668.3146630000001,953.9867239999999
model_3_ptm_r1_seed9.pdb,124.23256999999992,138.6376065000001
model_2_ptm_r10_seed0.pdb,415.842003,834.1133544999999
model_3_ptm_r10_seed6.pdb,601.3168105,222.61923999999988
model_3_ptm_r2_seed1.pdb,1333.3820175,1315.138219
model_2_ptm_r5_seed7.pdb,2411.479959,2436.230348
model_5_ptm_r0_seed6.pdb,174.52191700000003,36.11119049999999
model_4_ptm_r7_seed0.pdb,2350.2334465,2716.092107
model_1_ptm_r6_seed5.pdb,61.75599850000003,194.59889500000017
model_2_ptm_r8_seed4.pdb,2627.2242889999998,2505.9348044999997
model_1_ptm_r11_seed6.pdb,880.6049375,762.8142564999999
model_2_ptm_r0_seed8.pdb,20.027447999999964,171.05369000000005
model_5_ptm_r5_seed9.pdb,2829.3939570000002,2754.530327
model_3_ptm_r9_seed5.pdb,2077.144727,2126.7270035
model_1_ptm_r0_seed2.pdb,67.69263800000004,83.93151599999993
model_5_ptm_r11_seed3.pdb,1297.9685759999998,1542.3299105
model_4_ptm_r11_seed5.pdb,406.938768,353.39585150000005
model_4_ptm_r1_seed7.pdb,995.8388170000002,1155.9773245000001
model_5_ptm_r6_seed1.pdb,263.2584595000001,486.9992015
model_2_ptm_r3_seed0.pdb,85.07747849999998,501.9748320000001
model_3_ptm_r4_seed6.pdb,128.88486999999998,129.75522750000005
model_3_ptm_r4_seed4.pdb,565.6424239999999,155.58822700000002
model_2_ptm_r3_seed2.pdb,705.228629,720.3255525000001
model_5_ptm_r6_seed3.pdb,856.304501,788.5759905
model_4_ptm_r1_seed5.pdb,2091.2011279999997,644.6785735000001
model_1_ptm_r0_seed0.pdb,170.84156300000006,25.587409999999977
model_4_ptm_r11_seed7.pdb,2111.253342,2753.278941
model_5_ptm_r11_seed1.pdb,220.27939399999997,420.12306950000016
model_3_ptm_r9_seed7.pdb,307.6369779999999,458.66202699999985
model_1_ptm_r3_seed8.pdb,691.80935,367.8614140000001
model_5_ptm_r8_seed8.pdb,2240.9699515,2647.5879159999995
model_1_ptm_r11_seed4.pdb,356.4328109999998,656.315342
model_5_ptm_r12_seed9.pdb,1523.93426,1619.0673124999998
model_2_ptm_r8_seed6.pdb,2799.072119,2571.334849
model_1_ptm_r6_seed7.pdb,129.83458900000008,142.9350394999999
model_4_ptm_r7_seed2.pdb,2259.408996,1969.8464949999998
model_5_ptm_r0_seed4.pdb,1455.5741835000001,820.9039035
model_2_ptm_r5_seed5.pdb,604.5794820000001,905.8480844999999
model_3_ptm_r2_seed3.pdb,402.401255,333.2370755000001
model_4_ptm_r9_seed9.pdb,1481.094249,1615.789788
model_3_ptm_r10_seed4.pdb,390.4633990000001,119.58946749999998
model_2_ptm_r10_seed2.pdb,485.4341474999998,610.1107995000001
model_3_ptm_r10_seed5.pdb,2029.6025945000001,2260.326873
model_2_ptm_r10_seed3.pdb,2515.0756695,2108.9274695
model_4_ptm_r9_seed8.pdb,2440.414336,2619.0058545
model_2_ptm_r5_seed4.pdb,3645.020085,2967.5739405
model_3_ptm_r2_seed2.pdb,16.436306999999942,192.03823199999994
model_4_ptm_r7_seed3.pdb,3132.346102,3266.451
model_5_ptm_r0_seed5.pdb,572.9951345000001,185.55613499999998
model_1_ptm_r6_seed6.pdb,443.1468849999999,576.4129254999999
model_2_ptm_r8_seed7.pdb,2643.0918334999997,2849.012686
model_5_ptm_r8_seed9.pdb,322.7339995000001,504.08935199999985
model_1_ptm_r11_seed5.pdb,2723.5264530000004,2617.835682
model_5_ptm_r12_seed8.pdb,1555.0419575,1753.4202455
model_1_ptm_r3_seed9.pdb,1953.9257300000002,1689.7101499999999
model_3_ptm_r9_seed6.pdb,554.7074359999999,227.31632150000002
model_4_ptm_r11_seed6.pdb,2236.38736,2532.1704600000003
model_5_ptm_r11_seed0.pdb,2066.524003,2151.5150015
model_1_ptm_r0_seed1.pdb,975.4001159999999,22.06077900000004
model_5_ptm_r6_seed2.pdb,1927.8841505,2597.937241
model_4_ptm_r1_seed4.pdb,57.81695400000001,205.38880699999999
model_3_ptm_r4_seed5.pdb,1731.025938,1897.444859
model_2_ptm_r3_seed3.pdb,2769.653104,2301.040938
model_4_ptm_r1_seed0.pdb,3640.868927,2760.4028040000003
model_5_ptm_r6_seed6.pdb,1482.9744150000001,1757.503702
model_2_ptm_r3_seed7.pdb,3099.020092,2285.475522
model_3_ptm_r4_seed1.pdb,2762.4970054999994,2193.298506
model_3_ptm_r9_seed2.pdb,1931.7401149999998,2213.0601174999997
model_1_ptm_r0_seed5.pdb,32.15979299999998,475.1122905
model_1_ptm_r12_seed9.pdb,1432.2508765000002,1399.3092599999998
model_5_ptm_r11_seed4.pdb,2651.110764,2949.3383749999994
model_4_ptm_r11_seed2.pdb,2016.3685194999998,1951.1580105
model_3_ptm_r7_seed9.pdb,317.28297150000026,514.1671680000002
model_4_ptm_r2_seed8.pdb,1666.1196240000002,1978.441148
model_1_ptm_r11_seed1.pdb,3040.0635340000003,3247.5161019999996
model_1_ptm_r6_seed2.pdb,2253.3345879999997,1945.4643560000002
model_2_ptm_r8_seed3.pdb,2036.706769,1543.470904
model_3_ptm_r2_seed6.pdb,300.6740534999999,124.05376649999992
model_2_ptm_r5_seed0.pdb,201.44256400000015,279.8882205000001
model_5_ptm_r0_seed1.pdb,153.49307999999985,112.40807800000005
model_4_ptm_r7_seed7.pdb,1340.7028329999998,2807.6093230000006
model_2_ptm_r10_seed7.pdb,2216.720042,2492.0762489999997
model_3_ptm_r10_seed1.pdb,1462.047031,1522.6138610000003
model_1_ptm_r8_seed9.pdb,72.69979600000005,258.1063505
model_5_ptm_r3_seed9.pdb,2354.278038,2261.3750695
model_2_ptm_r6_seed8.pdb,1953.5413345000002,2058.89276
model_2_ptm_r6_seed9.pdb,219.7809299999999,447.095185
model_5_ptm_r3_seed8.pdb,2032.8173735,1935.8198744999997
model_1_ptm_r8_seed8.pdb,2419.5582895,2069.7294895
model_2_ptm_r10_seed6.pdb,3019.585748,2961.568986
model_3_ptm_r10_seed0.pdb,677.1530025,181.38481899999988
model_5_ptm_r0_seed0.pdb,1648.7488945,704.684006
model_4_ptm_r7_seed6.pdb,2508.9718975,2492.3400760000004
model_3_ptm_r2_seed7.pdb,325.12578,260.040578
model_2_ptm_r5_seed1.pdb,3.3079190000000835,86.79498900000007
model_2_ptm_r8_seed2.pdb,474.3516269999999,586.2465450000001
model_1_ptm_r6_seed3.pdb,278.5225839999997,498.9558565
model_1_ptm_r11_seed0.pdb,552.6302795,851.0897530000001
model_4_ptm_r2_seed9.pdb,258.7579699999999,335.57832399999995
model_3_ptm_r7_seed8.pdb,1002.86296,1185.70759
model_1_ptm_r12_seed8.pdb,1859.44825,1925.517344
model_5_ptm_r11_seed5.pdb,627.1099729999999,738.5948485
model_4_ptm_r11_seed3.pdb,876.0689175000001,867.7832804999998
model_1_ptm_r0_seed4.pdb,185.48768849999976,493.496317
model_3_ptm_r9_seed3.pdb,1622.4844100000003,1636.8470355
model_2_ptm_r3_seed6.pdb,1739.3567569999998,1674.800764
model_3_ptm_r4_seed0.pdb,667.0957260000002,301.5679385000001
model_4_ptm_r1_seed1.pdb,571.214628,851.8777860000001
model_5_ptm_r6_seed7.pdb,216.18737599999992,351.87074999999993
model_5_ptm_r6_seed5.pdb,241.73104300000017,244.79280950000003
model_4_ptm_r1_seed3.pdb,1270.8849695000001,1102.247971
model_3_ptm_r4_seed2.pdb,929.5283575000002,875.0566885000001
model_2_ptm_r3_seed4.pdb,2848.08083,1674.420872
model_3_ptm_r9_seed1.pdb,2209.5891930000003,2461.5073115
model_4_ptm_r11_seed1.pdb,2159.9250274999995,2093.2977705000003
model_5_ptm_r11_seed7.pdb,905.29532,896.36534
model_1_ptm_r0_seed6.pdb,362.51796149999996,1129.3025015
model_4_ptm_r12_seed9.pdb,1014.5210020000001,1086.7179775
model_1_ptm_r11_seed2.pdb,2472.9987794999997,2730.061543
model_1_ptm_r6_seed1.pdb,1797.5318329999996,1480.4368195000002
model_2_ptm_r8_seed0.pdb,358.6018934999999,692.4470059999999
model_2_ptm_r5_seed3.pdb,2128.3556805000003,1904.906005
model_3_ptm_r2_seed5.pdb,2510.77105,1980.4293535
model_4_ptm_r7_seed4.pdb,298.35945399999986,568.0743095
model_5_ptm_r0_seed2.pdb,836.2554375000002,182.45687900000007
model_3_ptm_r10_seed2.pdb,2021.8194375,2227.8076589999996
model_2_ptm_r10_seed4.pdb,2856.3733365,2692.633767
model_1_ptm_r5_seed9.pdb,1841.9503224999999,2050.295934
model_1_ptm_r5_seed8.pdb,1743.3709674999998,1424.721764
model_3_ptm_r10_seed3.pdb,2127.882141,2310.5571840000002
model_2_ptm_r10_seed5.pdb,432.0607419999998,676.2415675
model_4_ptm_r7_seed5.pdb,289.3458079999998,230.88655349999996
model_5_ptm_r0_seed3.pdb,233.74502999999999,344.090048
model_2_ptm_r5_seed2.pdb,587.3981210000002,679.3431299999999
model_3_ptm_r2_seed4.pdb,199.91941700000007,448.34232099999997
model_2_ptm_r8_seed1.pdb,5.859598000000005,97.40690750000002
model_1_ptm_r6_seed0.pdb,102.58403999999996,486.4713325000003
model_4_ptm_r12_seed8.pdb,2265.9180145,2524.2665749999996
model_1_ptm_r11_seed3.pdb,473.60512349999993,101.65188100000012
model_1_ptm_r0_seed7.pdb,387.7432845000001,95.98159600000002
model_4_ptm_r11_seed0.pdb,1291.2420405,1350.5854689999999
model_5_ptm_r11_seed6.pdb,1159.6979189999997,1228.4347685000002
model_3_ptm_r9_seed0.pdb,317.3032915,65.24829249999993
model_3_ptm_r4_seed3.pdb,1524.605113,1517.576774
model_2_ptm_r3_seed5.pdb,603.3458990000001,1224.547293
model_5_ptm_r6_seed4.pdb,2688.8373925000005,2862.8532299999997
model_4_ptm_r1_seed2.pdb,1178.1116,742.2049790000001
model_1_ptm_r7_seed4.pdb,741.0805020000003,526.7648965000001
model_2_ptm_r9_seed5.pdb,243.61505650000015,470.6540455
model_2_ptm_r12_seed9.pdb,2212.80125,2430.5426909999996
model_3_ptm_r3_seed0.pdb,699.089103,256.2669164999999
model_2_ptm_r4_seed6.pdb,3050.980208,2722.0856224999998
model_5_ptm_r1_seed7.pdb,1688.7472919999998,1683.2413885
model_4_ptm_r6_seed1.pdb,229.4067475,463.1536885
model_2_ptm_r11_seed1.pdb,55.958490499999925,16.984682999999848
model_3_ptm_r11_seed7.pdb,425.6444924999997,640.983714
model_4_ptm_r5_seed9.pdb,162.95840550000003,57.44324599999999
model_3_ptm_r0_seed8.pdb,7.628626499999882,194.788209
model_4_ptm_r0_seed6.pdb,1386.2574545,1735.3508215
model_5_ptm_r7_seed0.pdb,4238.260367,4233.7692305
model_2_ptm_r2_seed1.pdb,76.18664100000001,259.02032800000006
model_3_ptm_r5_seed7.pdb,365.1054935,274.56947049999997
model_3_ptm_r8_seed4.pdb,630.465044,210.9462585000001
model_5_ptm_r10_seed2.pdb,178.56133200000005,101.31858850000005
model_4_ptm_r10_seed4.pdb,336.51651049999987,856.5407270000003
model_1_ptm_r1_seed3.pdb,199.7992569999999,61.007423999999986
model_2_ptm_r1_seed9.pdb,240.31681500000013,194.010654
model_5_ptm_r4_seed8.pdb,1184.3871720000002,1190.0732075
model_1_ptm_r10_seed7.pdb,740.0766719999999,221.20426999999995
model_1_ptm_r10_seed6.pdb,3388.9843960000003,3492.534978
model_5_ptm_r4_seed9.pdb,622.3224030000001,651.6446384999999
model_2_ptm_r1_seed8.pdb,20.704277000000047,17.71641750000005
model_1_ptm_r1_seed2.pdb,276.10083700000007,645.735582
model_5_ptm_r10_seed3.pdb,1397.224358,1537.9009375
model_4_ptm_r10_seed5.pdb,1302.9287064999999,1478.5558365000002
model_3_ptm_r8_seed5.pdb,2114.290726,2129.9842645
model_2_ptm_r2_seed0.pdb,84.35139649999985,287.721123
model_3_ptm_r5_seed6.pdb,433.784666,224.26540300000005
model_4_ptm_r0_seed7.pdb,110.51710849999995,324.94220399999995
model_5_ptm_r7_seed1.pdb,112.29772650000001,231.48373700000008
model_3_ptm_r0_seed9.pdb,676.176793,299.6102685000001
model_4_ptm_r5_seed8.pdb,1168.445136,1125.5470245000001
model_2_ptm_r11_seed0.pdb,400.5112935000002,779.7244820000002
model_3_ptm_r11_seed6.pdb,36.36134149999998,20.34976050000006
model_5_ptm_r1_seed6.pdb,2500.879457,2306.9877525
model_4_ptm_r6_seed0.pdb,2228.2568785000003,2534.3956845000002
model_3_ptm_r3_seed1.pdb,1678.6417245000002,1282.89484
model_2_ptm_r4_seed7.pdb,2468.792165,2459.6950205
model_2_ptm_r12_seed8.pdb,2548.3172274999997,2768.1759389999997
model_2_ptm_r9_seed4.pdb,2700.4499365,2649.4306629999996
model_1_ptm_r7_seed5.pdb,5.491380000000049,200.31215600000007
model_1_ptm_r7_seed7.pdb,220.18727650000005,86.92483650000001
model_2_ptm_r9_seed6.pdb,2890.606129,2670.0927189999998
model_2_ptm_r4_seed5.pdb,923.0373,1139.6413349999998
model_3_ptm_r3_seed3.pdb,1807.93033,1476.3453800000002
model_4_ptm_r6_seed2.pdb,2919.144697,2766.0054805
model_5_ptm_r1_seed4.pdb,1975.900764,2121.2675055
model_3_ptm_r11_seed4.pdb,714.883824,243.21397849999994
model_2_ptm_r11_seed2.pdb,390.9722235,580.5116435
model_4_ptm_r8_seed9.pdb,685.953027,1100.370255
model_5_ptm_r7_seed3.pdb,3105.9220800000003,3499.3639110000004
model_4_ptm_r0_seed5.pdb,260.75293650000015,395.821316
model_3_ptm_r5_seed4.pdb,296.6680235,134.49062350000008
model_2_ptm_r2_seed2.pdb,758.0452755000001,699.1599185
model_3_ptm_r8_seed7.pdb,341.1457204999999,356.2511249999999
model_1_ptm_r1_seed0.pdb,629.975931,23.272125000000102
model_4_ptm_r10_seed7.pdb,846.5350344999998,1413.788361
model_5_ptm_r10_seed1.pdb,114.6756694999998,274.4958979999999
model_1_ptm_r2_seed8.pdb,690.7846129999999,99.78795299999999
model_5_ptm_r9_seed8.pdb,19.072290000000066,114.74829600000001
model_1_ptm_r10_seed4.pdb,303.55108900000005,320.225235
model_5_ptm_r9_seed9.pdb,2187.3033105000004,2304.611782
model_1_ptm_r10_seed5.pdb,1234.6578805,1525.2386815
model_1_ptm_r2_seed9.pdb,1334.9713530000001,759.4959970000002
model_4_ptm_r10_seed6.pdb,2341.8134955,2730.44006
model_5_ptm_r10_seed0.pdb,525.5217565,417.59438399999993
model_1_ptm_r1_seed1.pdb,155.5842614999999,260.9858435000001
model_3_ptm_r8_seed6.pdb,2.1330914999999777,25.77616050000006
model_3_ptm_r5_seed5.pdb,2582.380356,2593.6596329999998
model_2_ptm_r2_seed3.pdb,3641.5184785,2329.148792
model_5_ptm_r7_seed2.pdb,839.8683709999999,930.4838069999998
model_4_ptm_r0_seed4.pdb,98.98473100000001,306.564129
model_4_ptm_r8_seed8.pdb,1832.3933680000002,1991.867103
model_3_ptm_r11_seed5.pdb,2262.538788,2415.733912
model_2_ptm_r11_seed3.pdb,2623.770807,2506.630382
model_4_ptm_r6_seed3.pdb,2012.795747,2414.17372
model_5_ptm_r1_seed5.pdb,660.0702059999999,822.811211
model_2_ptm_r4_seed4.pdb,3381.1883984999995,1960.672312
model_3_ptm_r3_seed2.pdb,82.51601749999992,6.216495499999951
model_2_ptm_r9_seed7.pdb,2123.218662,2383.4540289999995
model_1_ptm_r7_seed6.pdb,1284.2629205,1034.3299220000001
model_3_ptm_r12_seed9.pdb,307.5869285,673.6492369999999
model_2_ptm_r9_seed3.pdb,1891.078625,1660.2311560000003
model_1_ptm_r7_seed2.pdb,2475.2030290000002,3021.1546169999997
model_5_ptm_r1_seed1.pdb,1442.1580815,1058.356955
model_4_ptm_r6_seed7.pdb,74.53243749999999,487.34136049999995
model_3_ptm_r3_seed6.pdb,128.28308399999992,20.10429899999997
model_2_ptm_r4_seed0.pdb,194.245471,637.7499750000002
model_2_ptm_r11_seed7.pdb,2324.7699995,2538.8966235
model_3_ptm_r11_seed1.pdb,1843.877351,1856.0911335
model_2_ptm_r7_seed8.pdb,2122.3218559999996,2312.9946509999995
model_1_ptm_r9_seed9.pdb,1810.3300605,2067.2913325
model_5_ptm_r2_seed9.pdb,67.65558149999998,242.96793650000006
model_2_ptm_r2_seed7.pdb,150.55541100000005,100.79610900000003
model_3_ptm_r5_seed1.pdb,2458.1878125,2388.4511225
model_4_ptm_r0_seed0.pdb,678.053654,495.59342000000004
model_5_ptm_r7_seed6.pdb,772.0233030000002,747.1388209999999
model_1_ptm_r1_seed5.pdb,258.4273549999999,61.90795600000001
model_5_ptm_r10_seed4.pdb,1584.2875275000001,1646.4989115
model_4_ptm_r10_seed2.pdb,2302.8676885,2267.1080375
model_3_ptm_r8_seed2.pdb,1961.80374,2086.4700705
model_4_ptm_r3_seed8.pdb,2935.4379785,3589.5943635
model_3_ptm_r6_seed9.pdb,316.1585999999999,713.3649880000002
model_1_ptm_r10_seed1.pdb,1213.366931,1241.494776
model_1_ptm_r10_seed0.pdb,636.7685779999999,562.699829
model_3_ptm_r6_seed8.pdb,2704.2061105000002,2534.4667984999996
model_4_ptm_r3_seed9.pdb,2120.4782695,2248.7753679999996
model_3_ptm_r8_seed3.pdb,2029.183387,2262.9216399999996
model_5_ptm_r10_seed5.pdb,251.85732000000007,133.77417649999995
model_4_ptm_r10_seed3.pdb,3167.4904695000005,3049.778997
model_1_ptm_r1_seed4.pdb,195.10230100000012,195.98812299999992
model_4_ptm_r0_seed1.pdb,227.95418900000004,593.59755
model_5_ptm_r7_seed7.pdb,2690.8893515,2945.787643
model_2_ptm_r2_seed6.pdb,1052.5908875,1064.945792
model_3_ptm_r5_seed0.pdb,26.243918000000235,101.53894249999999
model_5_ptm_r2_seed8.pdb,2131.9141925,2356.947615
model_1_ptm_r9_seed8.pdb,2953.4752580000004,2706.314604
model_2_ptm_r7_seed9.pdb,219.74876600000005,240.64625249999997
model_2_ptm_r11_seed6.pdb,3047.362808,3234.3721939999996
model_3_ptm_r11_seed0.pdb,363.5493175000001,129.56683300000003
model_3_ptm_r3_seed7.pdb,4.364608000000089,51.997096499999856
model_2_ptm_r4_seed1.pdb,1.9702445000000353,174.17496650000015
model_5_ptm_r1_seed0.pdb,1136.86454,829.8675925
model_4_ptm_r6_seed6.pdb,986.2336770000001,1235.802742
model_1_ptm_r7_seed3.pdb,277.15881249999995,503.369847
model_2_ptm_r9_seed2.pdb,436.5931039999999,566.121699
model_3_ptm_r12_seed8.pdb,2337.111162,2280.198179
model_2_ptm_r9_seed0.pdb,360.84059849999994,667.6993179999998
model_1_ptm_r7_seed1.pdb,2446.2679974999996,2090.266646
model_4_ptm_r6_seed4.pdb,360.4819285000003,718.3241624999999
model_5_ptm_r1_seed2.pdb,2905.7755805,2865.2779255
model_2_ptm_r4_seed3.pdb,2068.4816779999996,2093.526704
model_3_ptm_r3_seed5.pdb,1548.188926,1538.4356010000001
model_1_ptm_r4_seed9.pdb,1322.5775370000001,1553.8102245
model_3_ptm_r11_seed2.pdb,2016.7536795,2189.5920244999998
model_2_ptm_r11_seed4.pdb,2693.597079,2600.385324
model_3_ptm_r5_seed2.pdb,2356.666676,2445.0467625
model_2_ptm_r2_seed4.pdb,550.9412724999999,186.43871550000011
model_5_ptm_r7_seed5.pdb,470.03950000000003,1395.5760070000006
model_4_ptm_r0_seed3.pdb,269.64588850000007,49.79649000000006
model_4_ptm_r10_seed1.pdb,2923.328857,3036.720929
model_5_ptm_r10_seed7.pdb,1204.0785284999997,1359.1034415
model_1_ptm_r1_seed6.pdb,701.637078,312.774873
model_3_ptm_r8_seed1.pdb,2070.971067,2148.8052825
model_1_ptm_r10_seed2.pdb,1635.087083,1617.575834
model_1_ptm_r10_seed3.pdb,240.89858200000003,111.46662599999996
model_3_ptm_r8_seed0.pdb,186.66028700000004,64.06822750000009
model_1_ptm_r1_seed7.pdb,84.41526600000009,113.54143699999997
model_4_ptm_r10_seed0.pdb,2365.9916734999997,2746.464852
model_5_ptm_r10_seed6.pdb,2111.250969,2288.897751
model_5_ptm_r7_seed4.pdb,42.33818749999989,32.66134350000027
model_4_ptm_r0_seed2.pdb,98.632684,206.92894749999994
model_3_ptm_r5_seed3.pdb,1504.409534,1445.5826424999998
model_2_ptm_r2_seed5.pdb,449.29237299999954,1147.1809135
model_3_ptm_r11_seed3.pdb,1862.799403,2147.0485005
model_2_ptm_r11_seed5.pdb,2817.5256249999998,2464.4656065
model_1_ptm_r4_seed8.pdb,3081.373767,1831.512366
model_2_ptm_r4_seed2.pdb,624.8365600000001,637.8602870000001
model_3_ptm_r3_seed4.pdb,629.7696230000001,471.161877
model_4_ptm_r6_seed5.pdb,2573.3046659999995,2061.6861125
model_5_ptm_r1_seed3.pdb,2497.9631265,2266.5045875
model_1_ptm_r7_seed0.pdb,643.0194869999999,1001.4362025
model_2_ptm_r9_seed1.pdb,37.430356000000074,1.408927500000118
model_3_ptm_r12_seed6.pdb,339.50201700000014,121.05931199999995
model_2_ptm_r12_seed0.pdb,429.7182614999998,854.2297500000002
model_4_ptm_r6_seed8.pdb,3370.7904879999996,3276.3145035
model_3_ptm_r3_seed9.pdb,504.94903249999993,292.00355249999996
model_1_ptm_r4_seed5.pdb,44.82572849999997,120.74983250000008
model_4_ptm_r8_seed3.pdb,1213.202565,1302.5335545
model_2_ptm_r11_seed8.pdb,2328.5153105,2616.453101
model_2_ptm_r7_seed7.pdb,2605.153056,2778.494365
model_3_ptm_r0_seed1.pdb,261.29737050000006,94.84924700000002
model_1_ptm_r9_seed6.pdb,1477.9053979999996,1252.603425
model_4_ptm_r5_seed0.pdb,1992.3936390000001,1979.612353
model_5_ptm_r2_seed6.pdb,1119.5672794999998,1155.3037115
model_2_ptm_r2_seed8.pdb,242.9501699999999,249.9394495
model_5_ptm_r7_seed9.pdb,2044.589246,2075.048834
model_5_ptm_r4_seed1.pdb,300.53297950000007,411.22070749999995
model_4_ptm_r3_seed7.pdb,859.3546039999999,2156.952853
model_3_ptm_r6_seed6.pdb,799.7720884999999,446.7055420000002
model_2_ptm_r1_seed0.pdb,137.91494,488.21449199999995
model_1_ptm_r2_seed2.pdb,758.608517,499.111421
model_5_ptm_r9_seed2.pdb,1801.623806,2105.7266575
model_5_ptm_r9_seed3.pdb,3001.228116,3362.069018
model_1_ptm_r2_seed3.pdb,239.20111000000009,310.29670600000003
model_3_ptm_r6_seed7.pdb,379.4918704999999,446.681059
model_2_ptm_r1_seed1.pdb,369.0663629999999,382.547682
model_5_ptm_r4_seed0.pdb,1843.543319,1456.667065
model_4_ptm_r3_seed6.pdb,1683.446102,2208.424567
model_5_ptm_r7_seed8.pdb,452.3069704999997,687.7982740000001
model_2_ptm_r2_seed9.pdb,368.9731639999999,238.84658949999994
model_4_ptm_r5_seed1.pdb,1460.729239,1754.6351805
model_5_ptm_r2_seed7.pdb,925.2943819999999,591.442579
model_1_ptm_r9_seed7.pdb,247.43993399999997,92.86961300000002
model_2_ptm_r7_seed6.pdb,2557.990053,2313.0510940000004
model_3_ptm_r0_seed0.pdb,29.32973900000013,12.005106999999995
model_2_ptm_r11_seed9.pdb,2491.707483,2621.64534
model_4_ptm_r8_seed2.pdb,1900.1324555,1782.0386095
model_1_ptm_r4_seed4.pdb,260.77320300000014,250.39093900000006
model_3_ptm_r3_seed8.pdb,2202.3070305,2139.0150405
model_4_ptm_r6_seed9.pdb,2103.06138,2377.4955819999996
model_3_ptm_r12_seed7.pdb,283.67934799999995,380.67399149999983
model_2_ptm_r12_seed1.pdb,44.86676999999992,1.7390394999998193
model_2_ptm_r12_seed3.pdb,2493.467041,2577.4649475
model_3_ptm_r12_seed5.pdb,2321.7673919999997,2428.3605350000003
model_4_ptm_r8_seed0.pdb,2532.414995,2702.715576
model_1_ptm_r4_seed6.pdb,814.7883150000001,512.7868125
model_3_ptm_r0_seed2.pdb,234.37527450000005,30.66374899999994
model_2_ptm_r7_seed4.pdb,2576.172739,2265.66804
model_5_ptm_r2_seed5.pdb,387.5606480000003,765.6886740000001
model_4_ptm_r5_seed3.pdb,1674.9939335,1800.8337609999999
model_1_ptm_r9_seed5.pdb,142.27967400000006,380.43141549999996
model_5_ptm_r10_seed8.pdb,611.8674215,784.2996999999999
model_1_ptm_r1_seed9.pdb,1077.3914375000002,681.49362
model_4_ptm_r3_seed4.pdb,423.38579500000003,456.19564900000006
model_5_ptm_r4_seed2.pdb,1318.9429295,1759.37779
model_2_ptm_r1_seed3.pdb,1508.0722245,85.03777699999989
model_3_ptm_r6_seed5.pdb,2261.534749,2369.8985600000005
model_5_ptm_r9_seed1.pdb,104.8040800000001,171.5141410000001
model_1_ptm_r2_seed1.pdb,238.4768545,398.8531600000001
model_1_ptm_r2_seed0.pdb,136.82223449999992,930.7571805000002
model_5_ptm_r9_seed0.pdb,2728.3362245,2931.305373
model_2_ptm_r1_seed2.pdb,565.2220360000001,819.3993409999999
model_3_ptm_r6_seed4.pdb,15.384616999999821,28.669825499999973
model_4_ptm_r3_seed5.pdb,613.4111579999999,550.0633320000002
model_5_ptm_r4_seed3.pdb,883.297617,981.1535685
model_1_ptm_r1_seed8.pdb,423.9019880000001,209.89033950000004
model_5_ptm_r10_seed9.pdb,1044.5073969999999,1194.4833555
model_1_ptm_r9_seed4.pdb,432.5794500000002,606.8880605
model_5_ptm_r2_seed4.pdb,2955.9251385000002,2473.2466665
model_4_ptm_r5_seed2.pdb,1084.1126084999999,935.0137309999999
model_3_ptm_r0_seed3.pdb,51.16566750000004,43.24459850000002
model_2_ptm_r7_seed5.pdb,456.2887699999999,660.145978
model_1_ptm_r4_seed7.pdb,437.171205,459.83518549999997
model_4_ptm_r8_seed1.pdb,1953.160827,2242.3708675
model_2_ptm_r12_seed2.pdb,436.4687915000001,609.592624
model_3_ptm_r12_seed4.pdb,271.04818049999983,72.16158899999999
model_3_ptm_r12_seed0.pdb,284.45864399999994,136.76097049999998
model_2_ptm_r12_seed6.pdb,3050.265639,3359.1261649999997
model_2_ptm_r4_seed9.pdb,260.0624120000001,426.0887694999999
model_5_ptm_r1_seed8.pdb,2438.3491670000003,1965.77392
model_3_ptm_r11_seed8.pdb,1776.387761,1767.4747200000002
model_4_ptm_r8_seed5.pdb,2268.9383235,2090.4300949999997
model_1_ptm_r4_seed3.pdb,865.0461515,218.7893145
model_4_ptm_r5_seed6.pdb,1366.0164435000002,1520.464848
model_5_ptm_r2_seed0.pdb,3424.463028,2867.170056
model_1_ptm_r9_seed0.pdb,694.0266215000001,827.9486284999999
model_2_ptm_r7_seed1.pdb,97.77698400000008,39.470034000000055
model_3_ptm_r0_seed7.pdb,205.85245350000002,39.71049199999999
model_4_ptm_r0_seed9.pdb,1514.1593050000001,1850.6644529999999
model_3_ptm_r5_seed8.pdb,2065.461058,1933.9302190000003
model_3_ptm_r6_seed0.pdb,468.1085805,123.87716350000002
model_2_ptm_r1_seed6.pdb,1249.837177,1136.464269
model_5_ptm_r4_seed7.pdb,516.538192,314.0659515000001
model_4_ptm_r3_seed1.pdb,299.971638,520.098432
model_5_ptm_r9_seed4.pdb,1568.136943,1734.4210845
model_1_ptm_r10_seed8.pdb,1202.219437,1284.1182215
model_1_ptm_r2_seed4.pdb,93.50332200000025,164.84763399999997
model_1_ptm_r2_seed5.pdb,3.7946249999999964,186.12997850000008
model_5_ptm_r9_seed5.pdb,736.3385229999998,1330.464209
model_1_ptm_r10_seed9.pdb,208.3971714999999,377.94557099999986
model_5_ptm_r4_seed6.pdb,2044.124256,1642.5551415
model_4_ptm_r3_seed0.pdb,2439.8691325,2651.2529615
model_3_ptm_r6_seed1.pdb,1816.2008495,2065.910612
model_2_ptm_r1_seed7.pdb,3008.4724340000002,2207.1791835
model_3_ptm_r5_seed9.pdb,230.80219950000003,599.8931279999999
model_4_ptm_r0_seed8.pdb,348.29254000000003,41.11784500000002
model_2_ptm_r7_seed0.pdb,330.59951299999994,525.753126
model_3_ptm_r0_seed6.pdb,176.767428,124.87117949999993
model_1_ptm_r9_seed1.pdb,2833.3587665,2667.5380674999997
model_4_ptm_r5_seed7.pdb,959.7721184999999,1591.1738195
model_5_ptm_r2_seed1.pdb,233.47123650000003,223.95353800000015
model_1_ptm_r4_seed2.pdb,2170.26552,2144.7911320000003
model_4_ptm_r8_seed4.pdb,145.72639099999992,206.33215100000007
model_3_ptm_r11_seed9.pdb,326.00895899999995,544.9092390000001
model_5_ptm_r1_seed9.pdb,369.47444550000023,161.74690650000005
model_2_ptm_r4_seed8.pdb,1547.5949159999998,1409.461836
model_3_ptm_r12_seed1.pdb,2191.860198,2383.5882874999998
model_2_ptm_r12_seed7.pdb,2353.12223,2606.594555
model_1_ptm_r7_seed8.pdb,1426.4608774999997,1180.5408
model_2_ptm_r12_seed5.pdb,2871.6639699999996,2873.19009
model_3_ptm_r12_seed3.pdb,1832.9142709999996,1879.601488
model_2_ptm_r9_seed9.pdb,391.406432,77.4467819999999
model_1_ptm_r4_seed0.pdb,228.55603700000006,433.21750499999985
model_4_ptm_r8_seed6.pdb,2483.8777365,2803.7056249999996
model_1_ptm_r9_seed3.pdb,170.266716,271.3459189999999
model_5_ptm_r2_seed3.pdb,2267.2350134999997,2339.0717799999998
model_4_ptm_r5_seed5.pdb,1110.325676,590.0622960000001
model_3_ptm_r0_seed4.pdb,295.46726350000006,133.202182
model_2_ptm_r7_seed2.pdb,492.5339375,637.1148065000001
model_3_ptm_r8_seed8.pdb,1646.8758169999996,1603.3021024999998
model_4_ptm_r10_seed8.pdb,2020.1743014999997,2369.589148
model_2_ptm_r1_seed5.pdb,237.6878549999999,254.56718050000006
model_3_ptm_r6_seed3.pdb,2183.207315,2170.3187534999997
model_4_ptm_r3_seed2.pdb,2846.4284135,2750.925382
model_5_ptm_r4_seed4.pdb,3565.5666514999994,3446.830625
model_1_ptm_r2_seed7.pdb,455.3306819999999,305.47794500000003
model_5_ptm_r9_seed7.pdb,2215.6434585,2356.110118
model_5_ptm_r9_seed6.pdb,1584.83036,1556.8038940000001
model_1_ptm_r2_seed6.pdb,541.222645,210.07756500000005
model_4_ptm_r3_seed3.pdb,2037.6333410000002,2617.910796
model_5_ptm_r4_seed5.pdb,567.9500135000001,710.9171239999998
model_2_ptm_r1_seed4.pdb,11.213267000000087,74.15225200000005
model_3_ptm_r6_seed2.pdb,2242.3384385,2493.4078375
model_4_ptm_r10_seed9.pdb,2906.9435004999996,3062.7911265000002
model_3_ptm_r8_seed9.pdb,242.40044849999992,491.3157080000001
model_3_ptm_r0_seed5.pdb,506.0049395000001,497.427693
model_2_ptm_r7_seed3.pdb,2189.468752,1611.829322
model_5_ptm_r2_seed2.pdb,41.667499999999905,276.2631000000002
model_4_ptm_r5_seed4.pdb,68.2371854999999,131.82556699999998
model_1_ptm_r9_seed2.pdb,3006.4928145,3316.3881915
model_4_ptm_r8_seed7.pdb,1308.594578,2235.0066825000004
model_1_ptm_r4_seed1.pdb,275.108755,468.2324460000001
model_2_ptm_r9_seed8.pdb,1991.0768910000002,2377.2126905
model_2_ptm_r12_seed4.pdb,2713.9328720000003,2621.401545
model_3_ptm_r12_seed2.pdb,1876.8083944999998,2131.1358245
model_1_ptm_r7_seed9.pdb,1878.671061,2155.1353085
model_5_ptm_r6_seed9.pdb,136.46383500000007,270.97268650000007
model_2_ptm_r3_seed8.pdb,621.0623744999999,537.628113
model_1_ptm_r12_seed6.pdb,3323.8128535000005,3684.593246
model_3_ptm_r7_seed6.pdb,400.06657400000006,172.8209520000001
model_2_ptm_r0_seed0.pdb,112.12893999999994,43.676271000000014
model_5_ptm_r5_seed1.pdb,108.45796200000007,228.26898450000004
model_4_ptm_r2_seed7.pdb,1015.9886300000001,926.4991105
model_1_ptm_r3_seed2.pdb,971.424741,1072.7358365
model_5_ptm_r8_seed2.pdb,1003.3124985000001,1258.6671000000001
model_4_ptm_r12_seed5.pdb,2309.7376675,2536.9031175
model_5_ptm_r12_seed3.pdb,588.3537230000001,701.0579359999999
model_3_ptm_r2_seed9.pdb,277.5333649999998,722.2786294999999
model_4_ptm_r7_seed8.pdb,1596.6737735,1801.9570039999999
model_2_ptm_r10_seed8.pdb,2450.1364115,2717.2002989999996
model_1_ptm_r5_seed5.pdb,139.32800749999996,196.9395915
model_4_ptm_r9_seed3.pdb,2150.243249,2263.352125
model_1_ptm_r8_seed6.pdb,3267.5806249999996,2933.6519135000003
model_4_ptm_r4_seed0.pdb,2348.393391,2078.057124
model_5_ptm_r3_seed6.pdb,2386.188734,2183.099671
model_2_ptm_r6_seed7.pdb,2604.2754999999997,2748.852287
model_3_ptm_r1_seed1.pdb,506.642122,574.899862
model_2_ptm_r6_seed6.pdb,2805.114775,2483.259845
model_3_ptm_r1_seed0.pdb,382.7213760000001,105.68026449999996
model_4_ptm_r4_seed1.pdb,2897.8372099999997,3158.8451269999996
model_5_ptm_r3_seed7.pdb,2092.8075794999995,1989.0599240000001
model_1_ptm_r8_seed7.pdb,618.1602409999999,159.31700899999998
model_4_ptm_r9_seed2.pdb,2581.95397,2694.0492645
model_1_ptm_r5_seed4.pdb,856.5613869999999,615.0078934999999
model_2_ptm_r10_seed9.pdb,2360.717794,2456.1434739999995
model_4_ptm_r7_seed9.pdb,3074.108926,3618.0714040000003
model_3_ptm_r2_seed8.pdb,1901.7194525000002,1515.3299735
model_4_ptm_r12_seed4.pdb,288.52253249999984,676.8435920000001
model_5_ptm_r8_seed3.pdb,2241.1862539999997,2438.5930675
model_5_ptm_r12_seed2.pdb,1093.8702054999999,1194.3921464999999
model_1_ptm_r3_seed3.pdb,770.8290480000001,121.9160240000001
model_5_ptm_r5_seed0.pdb,1785.525124,2086.1505719999996
model_4_ptm_r2_seed6.pdb,1907.236434,2540.0128995
model_3_ptm_r7_seed7.pdb,395.45262749999995,650.5874104999999
model_2_ptm_r0_seed1.pdb,321.44130149999995,200.22687200000001
model_1_ptm_r12_seed7.pdb,712.4428185000002,236.44970099999978
model_2_ptm_r3_seed9.pdb,244.9640344999999,56.487157499999995
model_5_ptm_r6_seed8.pdb,1929.1319049999997,2187.210843
model_1_ptm_r12_seed5.pdb,2118.0739660000004,2366.8904369999996
model_5_ptm_r11_seed8.pdb,1657.9543785,1920.4558199999997
model_1_ptm_r0_seed9.pdb,190.9949805,386.989383
model_2_ptm_r0_seed3.pdb,291.352596,448.13072149999994
model_3_ptm_r7_seed5.pdb,1577.6629575000002,1788.3487525
model_4_ptm_r2_seed4.pdb,543.4322664999997,501.58336799999984
model_5_ptm_r5_seed2.pdb,3180.162918,4267.729001
model_5_ptm_r12_seed0.pdb,1583.980783,1704.5346610000001
model_5_ptm_r8_seed1.pdb,240.3032639999999,466.82174699999996
model_4_ptm_r12_seed6.pdb,2046.018607,2502.8149999999996
model_1_ptm_r3_seed1.pdb,293.1699420000002,350.22841499999987
model_4_ptm_r9_seed0.pdb,1523.05603,1769.2640509999997
model_1_ptm_r5_seed6.pdb,415.0618659999998,377.978728
model_5_ptm_r3_seed5.pdb,30.040687000000162,297.5231175000002
model_4_ptm_r4_seed3.pdb,1935.7047355,2036.575304
model_1_ptm_r8_seed5.pdb,828.290123,461.2191419999999
model_3_ptm_r1_seed2.pdb,373.786032,59.213465500000154
model_2_ptm_r6_seed4.pdb,2865.0801330000004,2587.6418325
model_3_ptm_r1_seed3.pdb,716.833875,206.4815015
model_2_ptm_r6_seed5.pdb,507.96955049999985,667.3618835
model_1_ptm_r8_seed4.pdb,464.881362,285.2060384999999
model_5_ptm_r3_seed4.pdb,238.13100400000008,73.05311649999999
model_4_ptm_r4_seed2.pdb,345.230412,97.031004
model_1_ptm_r5_seed7.pdb,398.82652,281.4766475
model_4_ptm_r9_seed1.pdb,664.5475190000002,848.5916210000001
model_1_ptm_r3_seed0.pdb,639.3035725000001,934.178772
model_5_ptm_r12_seed1.pdb,1.587447499999712,85.387203
model_4_ptm_r12_seed7.pdb,133.04844149999997,69.90776750000003
model_5_ptm_r8_seed0.pdb,1094.2230195,1331.6597879999997
model_4_ptm_r2_seed5.pdb,296.8301204999999,193.08462199999994
model_5_ptm_r5_seed3.pdb,2417.543459,2491.730958
model_2_ptm_r0_seed2.pdb,69.50109599999973,742.937399
model_3_ptm_r7_seed4.pdb,491.57108549999987,174.24012500000003
model_1_ptm_r0_seed8.pdb,191.925748,48.05432300000001
model_1_ptm_r12_seed4.pdb,389.93158500000004,571.8787935
model_5_ptm_r11_seed9.pdb,1308.0288945000002,1454.5179665
model_3_ptm_r4_seed8.pdb,1453.3004565,1517.1477434999997
model_4_ptm_r1_seed9.pdb,1340.6720545,1771.8450235
model_1_ptm_r12_seed0.pdb,375.1375404999998,460.4566964999999
model_5_ptm_r5_seed7.pdb,2763.870811,2911.468076
model_4_ptm_r2_seed1.pdb,308.70873300000005,562.4403090000001
model_3_ptm_r7_seed0.pdb,678.9884439999998,221.97071849999992
model_2_ptm_r0_seed6.pdb,1222.364799,1196.7435325
model_5_ptm_r8_seed4.pdb,64.389072,137.30649150000005
model_4_ptm_r12_seed3.pdb,2521.222797,2727.2590680000003
model_1_ptm_r11_seed8.pdb,3119.5627534999994,2838.3026065
model_5_ptm_r12_seed5.pdb,137.12583000000006,406.62122800000014
model_1_ptm_r3_seed4.pdb,556.9087894999999,497.0398015
model_5_ptm_r0_seed8.pdb,229.18154100000004,243.8450949999999
model_2_ptm_r5_seed9.pdb,172.02079850000018,394.39129499999996
model_4_ptm_r9_seed5.pdb,3245.042711,3427.5981865
model_1_ptm_r5_seed3.pdb,260.56683049999987,207.1739655
model_3_ptm_r10_seed8.pdb,1987.4613534999999,2028.619917
model_2_ptm_r6_seed1.pdb,10.239340999999968,168.01812750000005
model_3_ptm_r1_seed7.pdb,195.35107799999992,393.95174099999974
model_4_ptm_r4_seed6.pdb,3626.6357175000003,3882.9483915
model_5_ptm_r3_seed0.pdb,958.6719035000001,1099.4041925000001
model_1_ptm_r8_seed0.pdb,468.43327199999993,414.922181
model_1_ptm_r8_seed1.pdb,1950.775815,1874.2981244999999
model_4_ptm_r4_seed7.pdb,1969.169058,3381.3102655
model_5_ptm_r3_seed1.pdb,95.16494750000004,291.7404655000003
model_2_ptm_r6_seed0.pdb,433.81162450000005,361.07327
model_3_ptm_r1_seed6.pdb,861.453992,472.4137655
model_3_ptm_r10_seed9.pdb,359.75154299999997,497.07147399999997
model_1_ptm_r5_seed2.pdb,2167.61102,2629.096953
model_4_ptm_r9_seed4.pdb,320.60117,744.9750985000001
model_2_ptm_r5_seed8.pdb,2035.3184775,1965.1027789999998
model_5_ptm_r0_seed9.pdb,573.8092245,579.839886
model_1_ptm_r3_seed5.pdb,14.287917499999764,91.1040450000001
model_4_ptm_r12_seed2.pdb,1731.041366,1958.5578555
model_5_ptm_r8_seed5.pdb,72.80237250000009,337.4426515
model_1_ptm_r11_seed9.pdb,1479.26071,1492.0056995
model_5_ptm_r12_seed4.pdb,2403.824493,2553.698353
model_3_ptm_r7_seed1.pdb,1757.745292,1732.6735979999999
model_2_ptm_r0_seed7.pdb,104.34633400000007,194.7918530000001
model_5_ptm_r5_seed6.pdb,550.5154605000001,435.0907679999999
model_4_ptm_r2_seed0.pdb,2641.487629,2792.2689145
model_1_ptm_r12_seed1.pdb,1522.4686550000001,1557.2065910000001
model_4_ptm_r1_seed8.pdb,365.3805289999999,794.1094695
model_3_ptm_r4_seed9.pdb,344.3016000000001,512.263763
model_1_ptm_r12_seed3.pdb,52.24594900000022,312.11981149999986
model_4_ptm_r11_seed8.pdb,1727.6781760000001,2082.6351910000003
model_3_ptm_r9_seed8.pdb,2306.7496899999996,2180.048583
model_4_ptm_r2_seed2.pdb,2513.9000109999997,2189.9872029999997
model_5_ptm_r5_seed4.pdb,1601.9482455,1441.2863200000002
model_2_ptm_r0_seed5.pdb,225.93257200000005,296.88485699999984
model_3_ptm_r7_seed3.pdb,2358.0031085,2857.832313
model_1_ptm_r3_seed7.pdb,316.6210319999999,206.39230200000003
model_5_ptm_r12_seed6.pdb,1967.4804875,2247.5788129999996
model_5_ptm_r8_seed7.pdb,124.96856000000002,122.94210500000008
model_4_ptm_r12_seed0.pdb,2085.289935,2344.4445475
model_2_ptm_r8_seed9.pdb,323.2272434999999,2.789190000000019
model_1_ptm_r6_seed8.pdb,3812.618453,2910.224414
model_1_ptm_r5_seed0.pdb,542.4284109999998,848.54554
model_4_ptm_r9_seed6.pdb,1999.0522065,2476.426129
model_3_ptm_r1_seed4.pdb,92.52058599999998,168.00685999999985
model_2_ptm_r6_seed2.pdb,491.3159505,611.066521
model_1_ptm_r8_seed3.pdb,362.37232400000005,171.46826500000003
model_5_ptm_r3_seed3.pdb,2294.3064615,2252.156481
model_4_ptm_r4_seed5.pdb,3.0264554999999973,55.66832399999993
model_5_ptm_r3_seed2.pdb,2983.8058140000003,3509.7609439999997
model_4_ptm_r4_seed4.pdb,539.1732080000003,486.0658159999999
model_1_ptm_r8_seed2.pdb,1179.884661,970.6643325
model_3_ptm_r1_seed5.pdb,146.14966900000002,140.871283
model_2_ptm_r6_seed3.pdb,2051.0562905,1641.1175955
model_4_ptm_r9_seed7.pdb,268.2228040000001,24.49050799999992
model_1_ptm_r5_seed1.pdb,119.72485200000006,265.4097934999999
model_1_ptm_r6_seed9.pdb,75.45844599999995,202.08017250000006
model_2_ptm_r8_seed8.pdb,1920.4878285,2212.258885
model_5_ptm_r12_seed7.pdb,2477.4498535000002,2802.477709
model_4_ptm_r12_seed1.pdb,1527.08595,1565.665883
model_5_ptm_r8_seed6.pdb,2069.174288,2034.0675390000001
model_1_ptm_r3_seed6.pdb,471.042148,394.0763820000001
model_2_ptm_r0_seed4.pdb,280.97495000000004,236.5254575
model_3_ptm_r7_seed2.pdb,1225.633484,1198.3982525000001
model_4_ptm_r2_seed3.pdb,1622.7212534999999,2036.6257315
model_5_ptm_r5_seed5.pdb,70.92936899999995,300.3096914999998
model_3_ptm_r9_seed9.pdb,291.74502199999995,516.704148
model_1_ptm_r12_seed2.pdb,2334.790988,2527.793959
model_4_ptm_r11_seed9.pdb,2124.989768,2556.804927
